{
  "responseHeader":{
    "status":0,
    "QTime":2,
    "params":{
      "df":"date_created",
      "fl":"date_created",
      "indent":"true",
      "q":"clavin_location:[* TO *]",
      "wt":"json",
      "rows":"1000"}},
  "response":{"numFound":733,"start":0,"docs":[
      {
        "date_created":""},
      {
        "date_created":""},
      {
        "date_created":""},
      {
        "date_created":""},
      {
        "date_created":"2014-06-11 10:26:14"},
      {
        "date_created":"2009-11-18 16:02:46"},
      {
        "date_created":"2007-11-02 06:41:13"},
      {
        "date_created":""},
      {
        "date_created":"2013-05-31 12:21:26"},
      {
        "date_created":"2011-05-18 10:57:56"},
      {
        "date_created":"2010-10-11 05:00:00"},
      {
        "date_created":"2007-11-02 07:32:14"},
      {
        "date_created":"2013-11-20 14:07:39"},
      {
        "date_created":"2007-11-02 06:41:13"},
      {
        "date_created":"2013-04-17 13:10:07"},
      {
        "date_created":""},
      {
        "date_created":"2011-05-18 12:13:59"},
      {
        "date_created":""},
      {
        "date_created":"2007-11-05 04:20:51"},
      {
        "date_created":"2013-04-24 17:51:19"},
      {
        "date_created":"2009-11-18 16:01:29"},
      {
        "date_created":"2011-10-24 14:56:05"},
      {
        "date_created":"2007-11-02 07:29:06"},
      {
        "date_created":"2007-11-02 06:41:13"},
      {
        "date_created":"2007-11-05 02:15:43"},
      {
        "date_created":""},
      {
        "date_created":""},
      {
        "date_created":""},
      {
        "date_created":"2011-12-29 14:28:07"},
      {
        "date_created":"2009-10-21 06:52:36"},
      {
        "date_created":"2010-06-05 22:56:53"},
      {
        "date_created":"2012-07-06 10:37:36"},
      {
        "date_created":"2009-12-16 07:57:22"},
      {
        "date_created":"2013-04-17 14:53:02"},
      {
        "date_created":"2013-02-05 21:08:46"},
      {
        "date_created":"2009-10-21 06:53:36"},
      {
        "date_created":"2007-11-05 07:02:04"},
      {
        "date_created":"2009-05-15 09:00:27"},
      {
        "date_created":"2009-11-18 16:01:49"},
      {
        "date_created":"2013-06-05 11:50:02"},
      {
        "date_created":"2010-12-13 03:48:43"},
      {
        "date_created":"2010-11-16 23:00:32"},
      {
        "date_created":"2014-03-06 08:29:11"},
      {
        "date_created":"2007-11-05 04:18:02"},
      {
        "date_created":"2011-10-27 10:42:55"},
      {
        "date_created":"2007-11-05 04:30:26"},
      {
        "date_created":"2013-02-15 11:52:37"},
      {
        "date_created":"2014-06-09 13:58:41"},
      {
        "date_created":"2013-12-11 14:04:26"},
      {
        "date_created":"2010-11-23 10:48:50"},
      {
        "date_created":"2010-06-05 22:54:56"},
      {
        "date_created":"2011-10-27 11:26:11"},
      {
        "date_created":"2013-04-01 13:41:41"},
      {
        "date_created":"2007-11-05 04:39:19"},
      {
        "date_created":"2013-04-16 11:03:04"},
      {
        "date_created":"2007-11-05 04:17:27"},
      {
        "date_created":"2012-04-26 11:17:56"},
      {
        "date_created":"2009-03-11 07:54:00"},
      {
        "date_created":"2009-10-21 06:52:04"},
      {
        "date_created":"2013-05-22 09:07:32"},
      {
        "date_created":"2013-10-21 12:17:27"},
      {
        "date_created":"2013-04-17 14:58:34"},
      {
        "date_created":"2011-10-26 15:27:05"},
      {
        "date_created":"2007-11-02 07:32:14"},
      {
        "date_created":"2011-09-13 09:27:02"},
      {
        "date_created":"2013-04-12 14:31:28"},
      {
        "date_created":"2014-06-09 15:39:22"},
      {
        "date_created":"2013-06-12 18:36:15"},
      {
        "date_created":"2011-10-24 15:06:22"},
      {
        "date_created":"2011-09-09 09:05:53"},
      {
        "date_created":"2013-03-26 12:12:33"},
      {
        "date_created":"2007-11-02 06:41:13"},
      {
        "date_created":"2007-11-02 06:41:13"},
      {
        "date_created":"2012-12-09 08:19:46"},
      {
        "date_created":"2007-11-02 06:41:13"},
      {
        "date_created":"2013-10-18 13:01:26"},
      {
        "date_created":"2007-11-02 07:36:45"},
      {
        "date_created":"2007-11-05 04:39:19"},
      {
        "date_created":"2007-11-02 06:41:13"},
      {
        "date_created":""},
      {
        "date_created":"2010-12-29 05:31:34"},
      {
        "date_created":""},
      {
        "date_created":"2007-11-02 07:32:14"},
      {
        "date_created":"2012-01-04 12:40:02"},
      {
        "date_created":"2007-11-02 06:31:54"},
      {
        "date_created":"2007-11-05 04:20:51"},
      {
        "date_created":"2007-11-05 04:39:19"},
      {
        "date_created":"2007-11-02 06:41:13"},
      {
        "date_created":"2007-11-02 06:31:54"},
      {
        "date_created":"2009-12-16 08:03:02"},
      {
        "date_created":"2011-09-14 11:35:51"},
      {
        "date_created":"2013-02-08 09:34:40"},
      {
        "date_created":"2007-11-02 06:31:54"},
      {
        "date_created":"2007-11-05 07:26:53"},
      {
        "date_created":"2007-11-05 02:26:48"},
      {
        "date_created":"2007-11-02 06:34:39"},
      {
        "date_created":"2009-04-29 09:01:34"},
      {
        "date_created":"2014-05-09 13:56:11"},
      {
        "date_created":""},
      {
        "date_created":""},
      {
        "date_created":"2011-09-14 11:35:51"},
      {
        "date_created":"2009-11-18 16:00:58"},
      {
        "date_created":"2013-06-24 13:55:08"},
      {
        "date_created":"2012-02-14 14:19:51"},
      {
        "date_created":"2013-02-19 14:09:45"},
      {
        "date_created":"2009-10-21 06:53:49"},
      {
        "date_created":"2007-11-05 06:38:54"},
      {
        "date_created":"2011-09-09 03:11:24"},
      {
        "date_created":"2011-09-13 09:35:14"},
      {
        "date_created":"2007-11-05 04:20:51"},
      {
        "date_created":"2009-10-21 06:53:16"},
      {
        "date_created":"2007-11-05 04:20:51"},
      {
        "date_created":"2011-02-02 04:00:00"},
      {
        "date_created":"2009-11-18 16:00:58"},
      {
        "date_created":"2009-04-29 09:01:34"},
      {
        "date_created":"2007-11-02 07:29:06"},
      {
        "date_created":"2009-11-18 16:01:40"},
      {
        "date_created":"2011-05-25 09:57:29"},
      {
        "date_created":"2007-11-05 06:59:38"},
      {
        "date_created":"2009-11-18 16:01:00"},
      {
        "date_created":"2007-11-05 04:19:09"},
      {
        "date_created":"2010-09-20 16:10:29"},
      {
        "date_created":""},
      {
        "date_created":"2007-11-02 07:41:15"},
      {
        "date_created":""},
      {
        "date_created":"2009-10-21 06:53:58"},
      {
        "date_created":"2013-10-18 14:55:25"},
      {
        "date_created":"2011-12-09 09:21:15"},
      {
        "date_created":"2007-11-02 07:32:14"},
      {
        "date_created":"2009-12-16 08:03:17"},
      {
        "date_created":"2007-11-02 06:41:13"},
      {
        "date_created":"2010-02-22 16:31:41"},
      {
        "date_created":""},
      {
        "date_created":"2012-12-09 07:54:08"},
      {
        "date_created":""},
      {
        "date_created":"2011-10-27 10:25:42"},
      {
        "date_created":"2009-06-18 04:01:03"},
      {
        "date_created":"2012-05-03 09:13:34"},
      {
        "date_created":"2007-11-05 07:29:39"},
      {
        "date_created":"2007-11-02 07:32:14"},
      {
        "date_created":"2009-11-18 16:01:01"},
      {
        "date_created":"2009-11-18 16:01:23"},
      {
        "date_created":"2011-10-25 20:38:16"},
      {
        "date_created":"2007-11-05 07:26:53"},
      {
        "date_created":"2009-10-21 06:53:24"},
      {
        "date_created":""},
      {
        "date_created":"2007-11-05 04:39:19"},
      {
        "date_created":"2011-09-14 11:35:51"},
      {
        "date_created":"2007-11-02 07:29:06"},
      {
        "date_created":"2009-11-18 16:01:47"},
      {
        "date_created":"2013-02-08 09:42:01"},
      {
        "date_created":"2007-11-05 04:20:51"},
      {
        "date_created":"2007-11-02 07:32:14"},
      {
        "date_created":"2014-03-19 17:33:51"},
      {
        "date_created":"2009-07-23 06:42:01"},
      {
        "date_created":"2013-05-31 14:27:14"},
      {
        "date_created":"2010-11-11 13:20:34"},
      {
        "date_created":"2011-09-09 09:03:31"},
      {
        "date_created":"2007-11-02 07:32:14"},
      {
        "date_created":"2009-11-18 16:02:51"},
      {
        "date_created":"2007-11-02 06:41:13"},
      {
        "date_created":"2013-10-16 15:07:36"},
      {
        "date_created":"2009-05-15 05:49:09"},
      {
        "date_created":"2009-05-15 03:16:56"},
      {
        "date_created":"2010-04-16 06:26:26"},
      {
        "date_created":"2010-01-05 05:50:14"},
      {
        "date_created":"2013-02-08 08:54:42"},
      {
        "date_created":"2013-05-10 13:29:51"},
      {
        "date_created":"2011-09-14 11:35:51"},
      {
        "date_created":"2014-06-03 15:07:40"},
      {
        "date_created":"2013-02-22 09:24:24"},
      {
        "date_created":"2009-11-18 16:01:14"},
      {
        "date_created":"2007-11-02 06:31:54"},
      {
        "date_created":"2007-11-02 06:41:13"},
      {
        "date_created":"2011-09-14 11:35:51"},
      {
        "date_created":"2014-06-12 18:08:27"},
      {
        "date_created":"2007-11-05 06:33:58"},
      {
        "date_created":"2009-11-18 16:00:57"},
      {
        "date_created":"2012-02-07 11:48:23"},
      {
        "date_created":"2009-04-29 09:01:34"},
      {
        "date_created":""},
      {
        "date_created":""},
      {
        "date_created":"2009-12-16 07:56:50"},
      {
        "date_created":"2011-10-28 10:06:39"},
      {
        "date_created":"2007-11-05 06:36:37"},
      {
        "date_created":"2007-11-02 07:29:06"},
      {
        "date_created":"2010-11-18 10:16:51"},
      {
        "date_created":"2012-03-26 14:30:36"},
      {
        "date_created":"2011-11-02 10:00:17"},
      {
        "date_created":"2007-11-05 04:41:55"},
      {
        "date_created":"2012-03-19 14:18:58"},
      {
        "date_created":"2013-10-16 14:59:51"},
      {
        "date_created":"2014-07-31 06:35:43"},
      {
        "date_created":"2011-09-13 09:34:47"},
      {
        "date_created":"2009-11-18 16:01:47"},
      {
        "date_created":"2013-06-13 15:36:48"},
      {
        "date_created":"2011-09-14 11:35:51"},
      {
        "date_created":"2007-11-02 06:41:13"},
      {
        "date_created":"2012-09-04 09:20:59"},
      {
        "date_created":"2013-04-17 14:42:35"},
      {
        "date_created":"2013-05-31 15:04:27"},
      {
        "date_created":"2009-11-18 16:02:45"},
      {
        "date_created":"2007-11-05 06:39:53"},
      {
        "date_created":"2009-11-18 16:02:30"},
      {
        "date_created":"2011-09-13 09:27:02"},
      {
        "date_created":"2010-02-02 01:47:42"},
      {
        "date_created":"2011-09-14 11:35:51"},
      {
        "date_created":"2013-12-03 14:18:28"},
      {
        "date_created":"2014-06-26 13:56:49"},
      {
        "date_created":"2007-11-05 07:26:53"},
      {
        "date_created":"2009-11-18 16:01:30"},
      {
        "date_created":""},
      {
        "date_created":"2009-05-11 13:44:35"},
      {
        "date_created":"2011-09-14 11:35:51"},
      {
        "date_created":"2012-02-22 13:34:00"},
      {
        "date_created":"2009-11-18 16:02:48"},
      {
        "date_created":"2013-04-28 11:34:40"},
      {
        "date_created":"2012-11-19 13:08:04"},
      {
        "date_created":"2010-11-23 12:50:30"},
      {
        "date_created":"2010-06-05 23:00:46"},
      {
        "date_created":"2012-06-01 14:33:15"},
      {
        "date_created":"2013-04-22 08:39:09"},
      {
        "date_created":"2009-04-21 07:30:29"},
      {
        "date_created":"2013-04-12 14:41:01"},
      {
        "date_created":"2010-02-02 01:46:56"},
      {
        "date_created":"2011-12-07 08:43:42"},
      {
        "date_created":"2009-03-11 07:44:38"},
      {
        "date_created":""},
      {
        "date_created":"2009-11-18 16:02:19"},
      {
        "date_created":"2007-11-02 06:41:13"},
      {
        "date_created":"2012-06-22 18:38:58"},
      {
        "date_created":"2014-06-10 15:17:39"},
      {
        "date_created":"2014-06-10 10:59:08"},
      {
        "date_created":"2011-09-13 09:31:14"},
      {
        "date_created":"2012-12-09 12:43:42"},
      {
        "date_created":"2010-06-05 22:45:57"},
      {
        "date_created":"2007-11-05 06:36:37"},
      {
        "date_created":"2009-11-18 16:01:36"},
      {
        "date_created":"2010-12-13 03:39:14"},
      {
        "date_created":"2013-04-12 14:43:48"},
      {
        "date_created":"2013-06-12 11:20:39"},
      {
        "date_created":"2011-09-14 11:35:51"},
      {
        "date_created":"2013-05-07 11:06:24"},
      {
        "date_created":"2011-09-13 09:34:47"},
      {
        "date_created":"2011-09-13 09:31:30"},
      {
        "date_created":"2007-11-02 06:41:13"},
      {
        "date_created":"2007-11-05 02:02:16"},
      {
        "date_created":"2010-01-22 13:43:39"},
      {
        "date_created":"2013-12-03 13:55:38"},
      {
        "date_created":"2011-09-14 11:35:51"},
      {
        "date_created":"2010-11-10 18:34:41"},
      {
        "date_created":"2009-05-12 04:41:46"},
      {
        "date_created":""},
      {
        "date_created":"2010-11-23 11:48:36"},
      {
        "date_created":"2009-04-29 09:01:34"},
      {
        "date_created":"2007-11-02 06:41:13"},
      {
        "date_created":"2007-11-02 07:15:24"},
      {
        "date_created":"2012-09-11 09:01:44"},
      {
        "date_created":"2013-11-22 15:22:36"},
      {
        "date_created":"2007-11-05 04:20:51"},
      {
        "date_created":"2011-07-11 23:40:06"},
      {
        "date_created":"2007-11-02 06:41:13"},
      {
        "date_created":"2007-11-02 07:32:14"},
      {
        "date_created":"2011-10-27 11:07:56"},
      {
        "date_created":"2007-11-02 06:31:54"},
      {
        "date_created":"2011-04-08 05:00:00"},
      {
        "date_created":"2007-11-02 07:29:06"},
      {
        "date_created":"2007-11-02 07:32:14"},
      {
        "date_created":"2011-05-18 11:03:54"},
      {
        "date_created":"2013-10-16 15:04:35"},
      {
        "date_created":"2014-09-12 14:34:44"},
      {
        "date_created":"2011-09-13 09:35:14"},
      {
        "date_created":"2013-04-12 13:39:04"},
      {
        "date_created":"2007-11-02 07:29:06"},
      {
        "date_created":"2012-03-26 14:30:13"},
      {
        "date_created":"2011-02-16 08:44:37"},
      {
        "date_created":"2007-11-05 04:39:19"},
      {
        "date_created":""},
      {
        "date_created":"2007-11-02 07:32:14"},
      {
        "date_created":"2007-11-05 06:38:54"},
      {
        "date_created":"2013-05-02 14:22:48"},
      {
        "date_created":"2010-05-06 12:33:05"},
      {
        "date_created":"2012-06-01 11:40:04"},
      {
        "date_created":"2011-10-24 15:51:11"},
      {
        "date_created":"2013-06-05 09:49:59"},
      {
        "date_created":"2007-11-02 06:41:13"},
      {
        "date_created":""},
      {
        "date_created":"2007-11-05 04:20:51"},
      {
        "date_created":"2013-06-24 14:33:02"},
      {
        "date_created":"2013-02-21 08:18:57"},
      {
        "date_created":"2007-11-05 04:31:08"},
      {
        "date_created":"2011-09-14 11:35:51"},
      {
        "date_created":"2010-11-16 21:56:45"},
      {
        "date_created":"2011-09-13 09:27:02"},
      {
        "date_created":""},
      {
        "date_created":"2009-11-18 16:02:36"},
      {
        "date_created":"2007-11-05 07:07:09"},
      {
        "date_created":"2014-01-08 17:32:41"},
      {
        "date_created":"2011-03-17 14:58:20"},
      {
        "date_created":"2013-05-31 13:58:04"},
      {
        "date_created":"2011-05-17 03:08:45"},
      {
        "date_created":"2011-10-27 12:18:11"},
      {
        "date_created":"2007-11-05 01:59:07"},
      {
        "date_created":"2009-11-18 16:01:38"},
      {
        "date_created":"2007-11-02 07:29:06"},
      {
        "date_created":"2009-11-18 16:00:56"},
      {
        "date_created":"2013-11-22 15:36:58"},
      {
        "date_created":"2011-12-09 14:56:46"},
      {
        "date_created":"2007-11-05 07:02:04"},
      {
        "date_created":"2010-06-05 22:58:49"},
      {
        "date_created":"2012-06-21 09:21:36"},
      {
        "date_created":"2013-05-31 14:12:01"},
      {
        "date_created":""},
      {
        "date_created":"2010-05-12 08:30:02"},
      {
        "date_created":"2009-11-18 16:01:21"},
      {
        "date_created":"2009-10-21 06:52:26"},
      {
        "date_created":"2009-11-18 16:01:00"},
      {
        "date_created":"2010-06-05 22:53:01"},
      {
        "date_created":"2007-11-02 06:41:13"},
      {
        "date_created":"2009-11-18 16:01:48"},
      {
        "date_created":"2007-11-05 06:38:26"},
      {
        "date_created":""},
      {
        "date_created":"2009-04-29 09:01:34"},
      {
        "date_created":"2007-11-05 04:39:19"},
      {
        "date_created":"2011-04-21 03:11:20"},
      {
        "date_created":"2007-11-05 08:23:38"},
      {
        "date_created":""},
      {
        "date_created":"2013-12-17 09:13:20"},
      {
        "date_created":"2007-11-05 04:39:19"},
      {
        "date_created":"2010-04-16 06:26:46"},
      {
        "date_created":"2007-11-02 07:32:14"},
      {
        "date_created":"2011-09-13 09:34:47"},
      {
        "date_created":"2009-12-16 07:57:34"},
      {
        "date_created":""},
      {
        "date_created":""},
      {
        "date_created":"2011-12-07 11:12:14"},
      {
        "date_created":"2007-11-02 06:36:05"},
      {
        "date_created":"2009-04-29 09:01:34"},
      {
        "date_created":"2009-10-21 06:52:56"},
      {
        "date_created":"2007-11-05 04:39:19"},
      {
        "date_created":"2011-06-21 05:00:00"},
      {
        "date_created":"2011-09-13 09:31:14"},
      {
        "date_created":"2014-06-09 14:12:17"},
      {
        "date_created":"2007-11-02 07:35:47"},
      {
        "date_created":"2009-05-15 07:38:28"},
      {
        "date_created":"2013-12-04 09:53:50"},
      {
        "date_created":"2009-11-18 16:01:19"},
      {
        "date_created":"2014-09-12 15:21:32"},
      {
        "date_created":"2013-09-05 12:25:17"},
      {
        "date_created":"2009-11-18 16:01:31"},
      {
        "date_created":"2009-11-18 16:01:16"},
      {
        "date_created":"2009-11-18 16:01:18"},
      {
        "date_created":"2013-12-04 09:40:04"},
      {
        "date_created":"2013-06-24 19:24:49"},
      {
        "date_created":""},
      {
        "date_created":"2012-06-21 14:24:43"},
      {
        "date_created":""},
      {
        "date_created":""},
      {
        "date_created":"2013-12-04 11:28:12"},
      {
        "date_created":"2013-12-04 09:44:21"},
      {
        "date_created":""},
      {
        "date_created":""},
      {
        "date_created":"2013-02-25 15:59:33"},
      {
        "date_created":"2013-12-03 14:40:03"},
      {
        "date_created":"2009-11-18 16:01:16"},
      {
        "date_created":"2013-09-06 13:33:59"},
      {
        "date_created":"2009-11-18 16:01:35"},
      {
        "date_created":"2013-06-24 12:31:19"},
      {
        "date_created":"2009-11-18 16:02:40"},
      {
        "date_created":"2014-09-04 02:22:34"},
      {
        "date_created":"2012-06-21 11:14:54"},
      {
        "date_created":"2009-11-18 16:02:42"},
      {
        "date_created":""},
      {
        "date_created":"2014-07-08 11:41:35"},
      {
        "date_created":"2013-02-17 17:31:28"},
      {
        "date_created":""},
      {
        "date_created":"2012-11-13 12:38:57"},
      {
        "date_created":"2011-04-28 10:51:04"},
      {
        "date_created":"2013-11-09 15:11:48"},
      {
        "date_created":"2013-09-05 12:55:41"},
      {
        "date_created":"2012-06-22 02:02:18"},
      {
        "date_created":"2012-06-21 14:39:54"},
      {
        "date_created":""},
      {
        "date_created":"2013-11-19 11:13:45"},
      {
        "date_created":"2013-12-04 12:42:33"},
      {
        "date_created":"2009-11-18 16:01:32"},
      {
        "date_created":"2012-02-22 06:09:10"},
      {
        "date_created":"2013-11-11 08:41:10"},
      {
        "date_created":"2013-02-19 13:45:22"},
      {
        "date_created":"2009-11-18 16:02:28"},
      {
        "date_created":"2009-11-18 16:02:42"},
      {
        "date_created":"2013-12-17 10:39:25"},
      {
        "date_created":"2012-11-30 10:46:32"},
      {
        "date_created":"2013-06-21 20:48:41"},
      {
        "date_created":"2014-03-28 20:07:09"},
      {
        "date_created":"2009-11-18 16:01:18"},
      {
        "date_created":"2014-01-13 15:26:00"},
      {
        "date_created":""},
      {
        "date_created":"2011-02-24 23:27:55"},
      {
        "date_created":"2013-12-17 20:56:43"},
      {
        "date_created":"2009-11-18 16:01:14"},
      {
        "date_created":""},
      {
        "date_created":""},
      {
        "date_created":"2012-06-22 15:46:24"},
      {
        "date_created":"2012-06-21 14:06:00"},
      {
        "date_created":"2013-11-12 13:24:57"},
      {
        "date_created":"2012-06-21 13:59:53"},
      {
        "date_created":"2013-09-05 12:31:19"},
      {
        "date_created":"2009-11-18 16:01:17"},
      {
        "date_created":"2014-10-21 15:45:39"},
      {
        "date_created":""},
      {
        "date_created":"2009-11-18 16:01:31"},
      {
        "date_created":"2014-06-03 11:41:57"},
      {
        "date_created":"2014-08-14 14:08:26"},
      {
        "date_created":"2009-11-18 16:01:35"},
      {
        "date_created":""},
      {
        "date_created":"2011-10-26 14:00:30"},
      {
        "date_created":"2014-03-25 13:15:33"},
      {
        "date_created":"2009-11-18 16:01:19"},
      {
        "date_created":"2013-06-24 14:36:35"},
      {
        "date_created":"2013-12-08 14:12:50"},
      {
        "date_created":"2013-12-17 10:41:53"},
      {
        "date_created":"2011-10-27 11:49:20"},
      {
        "date_created":"2014-03-10 11:26:47"},
      {
        "date_created":"2012-06-22 12:43:15"},
      {
        "date_created":"2013-12-04 14:39:20"},
      {
        "date_created":"2012-06-22 02:06:57"},
      {
        "date_created":"2009-11-18 16:01:52"},
      {
        "date_created":"2014-05-14 15:47:03"},
      {
        "date_created":"2013-09-10 18:55:40"},
      {
        "date_created":"2009-11-18 16:01:17"},
      {
        "date_created":"2009-11-18 16:01:53"},
      {
        "date_created":""},
      {
        "date_created":"2009-11-29 17:12:33"},
      {
        "date_created":""},
      {
        "date_created":"2009-11-18 16:01:36"},
      {
        "date_created":"2009-11-18 16:01:33"},
      {
        "date_created":"2013-12-16 14:41:26"},
      {
        "date_created":"2009-11-18 16:01:39"},
      {
        "date_created":"2013-12-17 10:42:46"},
      {
        "date_created":""},
      {
        "date_created":""},
      {
        "date_created":"2009-11-18 16:01:17"},
      {
        "date_created":"2013-06-24 19:34:47"},
      {
        "date_created":"2009-11-18 16:01:18"},
      {
        "date_created":""},
      {
        "date_created":""},
      {
        "date_created":"2009-11-18 16:01:39"},
      {
        "date_created":"2011-10-27 12:02:59"},
      {
        "date_created":"2012-02-22 06:25:14"},
      {
        "date_created":"2012-06-21 10:54:24"},
      {
        "date_created":"2013-09-04 15:35:30"},
      {
        "date_created":"2009-11-18 16:01:30"},
      {
        "date_created":"2011-02-25 07:15:06"},
      {
        "date_created":"2013-11-12 13:00:24"},
      {
        "date_created":"2009-11-18 16:01:30"},
      {
        "date_created":"2011-10-26 14:10:28"},
      {
        "date_created":""},
      {
        "date_created":"2013-12-04 12:51:52"},
      {
        "date_created":"2009-11-18 16:01:37"},
      {
        "date_created":"2013-02-07 15:07:15"},
      {
        "date_created":"2012-06-22 15:44:41"},
      {
        "date_created":""},
      {
        "date_created":"2013-12-16 13:26:08"},
      {
        "date_created":"2013-06-24 12:45:56"},
      {
        "date_created":"2013-12-17 21:59:01"},
      {
        "date_created":"2014-08-24 10:45:15"},
      {
        "date_created":""},
      {
        "date_created":"2013-12-04 09:32:17"},
      {
        "date_created":"2010-04-29 08:12:22"},
      {
        "date_created":"2012-06-21 15:21:07"},
      {
        "date_created":"2009-11-18 16:01:16"},
      {
        "date_created":"2013-12-04 10:50:04"},
      {
        "date_created":"2012-06-21 11:25:08"},
      {
        "date_created":"2012-06-21 10:37:40"},
      {
        "date_created":"2011-02-25 05:54:07"},
      {
        "date_created":"2009-11-18 16:01:20"},
      {
        "date_created":"2011-07-11 23:49:46"},
      {
        "date_created":"2009-11-18 16:01:54"},
      {
        "date_created":"2009-11-18 16:01:17"},
      {
        "date_created":"2013-08-08 15:12:59"},
      {
        "date_created":"2012-06-22 15:41:07"},
      {
        "date_created":"2013-03-26 16:38:50"},
      {
        "date_created":"2012-06-21 11:29:17"},
      {
        "date_created":"2013-02-26 08:24:24"},
      {
        "date_created":"2013-12-04 11:36:49"},
      {
        "date_created":"2009-11-18 16:01:18"},
      {
        "date_created":"2013-12-03 13:37:33"},
      {
        "date_created":"2009-11-18 16:01:15"},
      {
        "date_created":"2012-02-22 06:14:24"},
      {
        "date_created":""},
      {
        "date_created":"2013-12-08 13:35:17"},
      {
        "date_created":""},
      {
        "date_created":"2012-02-20 15:02:19"},
      {
        "date_created":"2013-06-29 11:59:39"},
      {
        "date_created":""},
      {
        "date_created":"2014-05-22 17:36:59"},
      {
        "date_created":"2012-06-21 13:57:47"},
      {
        "date_created":"2013-12-04 11:44:12"},
      {
        "date_created":"2014-05-14 13:38:18"},
      {
        "date_created":"2013-08-01 14:10:49"},
      {
        "date_created":"2013-12-08 12:33:03"},
      {
        "date_created":"2010-03-24 07:45:15"},
      {
        "date_created":""},
      {
        "date_created":"2013-12-16 13:55:56"},
      {
        "date_created":"2013-12-04 09:42:36"},
      {
        "date_created":""},
      {
        "date_created":""},
      {
        "date_created":"2014-01-08 17:58:44"},
      {
        "date_created":"2012-06-21 11:44:43"},
      {
        "date_created":""},
      {
        "date_created":"2010-03-24 07:37:44"},
      {
        "date_created":"2013-02-12 12:11:27"},
      {
        "date_created":"2009-11-18 16:01:33"},
      {
        "date_created":""},
      {
        "date_created":"2013-11-22 15:58:26"},
      {
        "date_created":"2009-11-18 16:02:41"},
      {
        "date_created":""},
      {
        "date_created":"2014-08-25 13:45:33"},
      {
        "date_created":""},
      {
        "date_created":"2012-06-21 13:53:37"},
      {
        "date_created":"2014-05-16 12:36:49"},
      {
        "date_created":"2012-02-22 06:20:10"},
      {
        "date_created":"2014-08-22 17:10:56"},
      {
        "date_created":"2012-06-22 01:49:46"},
      {
        "date_created":""},
      {
        "date_created":""},
      {
        "date_created":"2009-11-18 16:01:31"},
      {
        "date_created":"2014-10-15 08:15:35"},
      {
        "date_created":""},
      {
        "date_created":"2012-06-21 11:51:05"},
      {
        "date_created":"2009-11-18 16:01:15"},
      {
        "date_created":"2014-05-16 11:59:37"},
      {
        "date_created":"2013-12-26 12:06:18"},
      {
        "date_created":"2009-11-18 16:01:20"},
      {
        "date_created":"2012-06-21 14:49:21"},
      {
        "date_created":"2013-02-25 15:24:16"},
      {
        "date_created":"2009-11-18 16:01:34"},
      {
        "date_created":""},
      {
        "date_created":"2012-06-21 11:17:17"},
      {
        "date_created":"2014-05-14 15:58:46"},
      {
        "date_created":""},
      {
        "date_created":"2013-02-19 13:36:36"},
      {
        "date_created":"2012-07-31 22:26:15"},
      {
        "date_created":"2014-09-08 23:43:02"},
      {
        "date_created":"2014-08-21 17:51:59"},
      {
        "date_created":"2014-06-19 16:58:23"},
      {
        "date_created":"2009-11-18 16:01:20"},
      {
        "date_created":"2013-02-19 13:18:44"},
      {
        "date_created":""},
      {
        "date_created":""},
      {
        "date_created":"2013-12-04 09:57:09"},
      {
        "date_created":"2013-12-04 11:21:00"},
      {
        "date_created":"2013-12-04 09:46:46"},
      {
        "date_created":"2010-03-24 07:30:31"},
      {
        "date_created":""},
      {
        "date_created":"2013-11-27 06:40:06"},
      {
        "date_created":"2013-12-04 12:28:13"},
      {
        "date_created":"2012-06-21 15:41:45"},
      {
        "date_created":"2012-06-21 14:16:15"},
      {
        "date_created":"2013-06-22 11:41:43"},
      {
        "date_created":"2009-11-18 16:01:34"},
      {
        "date_created":"2013-09-04 15:12:30"},
      {
        "date_created":"2013-01-02 16:19:45"},
      {
        "date_created":"2012-06-22 12:24:53"},
      {
        "date_created":"2012-06-21 11:21:41"},
      {
        "date_created":"2014-03-08 14:08:21"},
      {
        "date_created":""},
      {
        "date_created":"2012-08-11 10:27:13"},
      {
        "date_created":"2014-03-19 17:45:21"},
      {
        "date_created":"2013-08-27 12:34:45"},
      {
        "date_created":"2012-06-21 10:59:10"},
      {
        "date_created":"2012-04-27 09:21:37"},
      {
        "date_created":"2013-12-11 08:18:31"},
      {
        "date_created":"2013-11-11 07:44:28"},
      {
        "date_created":"2013-06-24 12:39:36"},
      {
        "date_created":"2013-12-04 09:35:21"},
      {
        "date_created":"2014-09-12 15:17:38"},
      {
        "date_created":"2012-02-07 11:21:28"},
      {
        "date_created":"2013-04-15 18:35:48"},
      {
        "date_created":""},
      {
        "date_created":"2012-04-27 09:41:48"},
      {
        "date_created":"2009-11-18 16:02:43"},
      {
        "date_created":"2014-10-09 11:45:17"},
      {
        "date_created":"2009-11-18 16:02:44"},
      {
        "date_created":"2009-11-18 16:01:40"},
      {
        "date_created":""},
      {
        "date_created":"2014-01-22 13:58:38"},
      {
        "date_created":"2014-07-08 11:51:16"},
      {
        "date_created":"2012-06-21 10:50:29"},
      {
        "date_created":"2012-06-21 09:32:21"},
      {
        "date_created":"2009-11-18 16:01:32"},
      {
        "date_created":""},
      {
        "date_created":"2011-10-27 11:36:23"},
      {
        "date_created":""},
      {
        "date_created":"2014-01-21 09:59:12"},
      {
        "date_created":"2010-08-26 13:58:58"},
      {
        "date_created":"2009-11-18 16:01:20"},
      {
        "date_created":"2014-09-12 15:15:27"},
      {
        "date_created":"2014-09-12 13:28:44"},
      {
        "date_created":"2013-12-04 09:51:41"},
      {
        "date_created":"2009-11-18 16:02:26"},
      {
        "date_created":""},
      {
        "date_created":"2014-09-12 13:31:02"},
      {
        "date_created":"2012-06-20 16:31:56"},
      {
        "date_created":"2013-12-03 12:46:15"},
      {
        "date_created":""},
      {
        "date_created":""},
      {
        "date_created":"2009-11-18 16:01:13"},
      {
        "date_created":"2014-09-04 04:29:36"},
      {
        "date_created":""},
      {
        "date_created":"2012-09-28 10:41:30"},
      {
        "date_created":"2009-11-18 16:01:33"},
      {
        "date_created":"2011-05-27 08:25:30"},
      {
        "date_created":"2012-06-21 14:14:00"},
      {
        "date_created":""},
      {
        "date_created":""},
      {
        "date_created":"2012-02-22 06:46:26"},
      {
        "date_created":"2013-01-30 12:55:56"},
      {
        "date_created":"2013-11-11 11:59:12"},
      {
        "date_created":"2012-06-21 10:44:57"},
      {
        "date_created":"2013-12-04 12:43:57"},
      {
        "date_created":"2014-05-14 16:14:31"},
      {
        "date_created":""},
      {
        "date_created":"2012-06-22 12:40:51"},
      {
        "date_created":"2014-03-10 11:10:20"},
      {
        "date_created":""},
      {
        "date_created":"2014-07-01 14:15:54"},
      {
        "date_created":"2009-11-18 16:02:15"},
      {
        "date_created":""},
      {
        "date_created":"2009-11-18 16:02:44"},
      {
        "date_created":""},
      {
        "date_created":"2012-06-21 09:42:52"},
      {
        "date_created":""},
      {
        "date_created":"2013-04-24 18:23:26"},
      {
        "date_created":"2012-04-26 11:14:46"},
      {
        "date_created":"2009-11-18 16:01:37"},
      {
        "date_created":"2013-02-26 08:46:46"},
      {
        "date_created":"2011-04-04 17:04:51"},
      {
        "date_created":"2007-11-05 04:23:35"},
      {
        "date_created":"2007-11-02 06:34:39"},
      {
        "date_created":""},
      {
        "date_created":"2010-02-02 01:47:42"},
      {
        "date_created":"2014-06-09 16:13:27"},
      {
        "date_created":"2013-02-08 08:35:48"},
      {
        "date_created":"2011-09-13 09:28:51"},
      {
        "date_created":"2007-11-02 07:29:06"},
      {
        "date_created":"2007-11-05 06:33:58"},
      {
        "date_created":"2013-11-12 08:13:58"},
      {
        "date_created":"2013-05-07 10:56:38"},
      {
        "date_created":"2010-11-18 10:32:51"},
      {
        "date_created":"2011-09-13 09:35:14"},
      {
        "date_created":"2009-04-21 07:30:51"},
      {
        "date_created":"2010-05-14 08:33:15"},
      {
        "date_created":"2011-05-09 15:02:41"},
      {
        "date_created":"2007-11-02 07:29:06"},
      {
        "date_created":"2007-11-02 07:32:14"},
      {
        "date_created":"2009-11-18 16:02:47"},
      {
        "date_created":"2011-09-14 11:35:56"},
      {
        "date_created":"2009-12-16 07:58:06"},
      {
        "date_created":"2007-11-02 06:41:13"},
      {
        "date_created":"2011-02-24 06:23:00"},
      {
        "date_created":"2013-02-19 14:05:26"},
      {
        "date_created":"2011-09-14 11:36:05"},
      {
        "date_created":"2012-02-14 14:55:58"},
      {
        "date_created":"2011-10-27 12:08:33"},
      {
        "date_created":"2011-09-14 11:35:51"},
      {
        "date_created":"2009-04-29 09:01:34"},
      {
        "date_created":"2007-11-02 07:35:47"},
      {
        "date_created":"2007-11-05 04:23:35"},
      {
        "date_created":"2013-12-05 09:24:59"},
      {
        "date_created":"2011-12-09 15:25:53"},
      {
        "date_created":"2013-04-24 16:53:07"},
      {
        "date_created":"2012-04-24 17:38:02"},
      {
        "date_created":"2009-11-18 16:09:36"},
      {
        "date_created":"2011-04-27 09:45:14"},
      {
        "date_created":"2010-04-16 08:59:47"},
      {
        "date_created":"2012-04-26 15:28:44"},
      {
        "date_created":"2011-09-13 09:35:14"},
      {
        "date_created":"2007-11-05 04:39:19"},
      {
        "date_created":"2010-11-11 17:31:52"},
      {
        "date_created":"2013-02-08 09:59:26"},
      {
        "date_created":"2013-06-15 19:13:53"},
      {
        "date_created":"2007-11-02 07:32:14"},
      {
        "date_created":"2009-11-18 16:00:58"},
      {
        "date_created":"2010-04-20 10:11:45"},
      {
        "date_created":"2014-01-27 15:06:46"},
      {
        "date_created":"2007-11-02 07:20:09"},
      {
        "date_created":"2007-11-05 04:39:19"},
      {
        "date_created":"2012-01-04 10:50:05"},
      {
        "date_created":"2007-11-02 07:32:14"},
      {
        "date_created":"2011-10-24 15:19:54"},
      {
        "date_created":"2009-11-18 16:01:29"},
      {
        "date_created":"2014-06-10 16:06:49"},
      {
        "date_created":"2011-10-27 11:04:16"},
      {
        "date_created":"2009-05-15 07:35:34"},
      {
        "date_created":"2010-05-14 08:33:42"},
      {
        "date_created":"2010-04-05 15:07:41"},
      {
        "date_created":"2007-11-02 07:32:14"},
      {
        "date_created":"2009-10-29 13:31:33"},
      {
        "date_created":"2013-06-13 13:09:19"},
      {
        "date_created":"2007-11-02 07:32:14"},
      {
        "date_created":"2013-10-30 09:30:17"},
      {
        "date_created":"2013-12-03 14:00:52"},
      {
        "date_created":"2014-03-25 07:55:48"},
      {
        "date_created":"2011-05-19 05:32:31"},
      {
        "date_created":"2013-12-05 10:05:56"},
      {
        "date_created":"2013-06-12 13:47:45"},
      {
        "date_created":"2009-05-13 03:45:14"},
      {
        "date_created":"2011-05-19 05:31:58"},
      {
        "date_created":"2011-10-24 15:46:03"},
      {
        "date_created":"2012-12-09 10:14:40"},
      {
        "date_created":"2007-11-02 07:29:06"},
      {
        "date_created":"2007-11-02 06:31:54"},
      {
        "date_created":"2013-06-11 14:40:51"},
      {
        "date_created":"2012-04-26 11:02:59"},
      {
        "date_created":"2009-11-18 16:01:50"},
      {
        "date_created":"2012-03-26 14:29:45"},
      {
        "date_created":""},
      {
        "date_created":"2009-04-29 09:01:34"},
      {
        "date_created":"2007-11-02 06:41:13"},
      {
        "date_created":"2011-05-18 12:05:53"},
      {
        "date_created":"2013-01-14 09:29:50"},
      {
        "date_created":"2014-06-19 13:22:02"},
      {
        "date_created":"2011-10-26 10:56:38"},
      {
        "date_created":"2013-12-04 09:49:13"},
      {
        "date_created":"2009-11-18 16:01:19"},
      {
        "date_created":"2009-11-18 16:01:15"},
      {
        "date_created":"2012-06-21 14:03:05"},
      {
        "date_created":"2009-11-18 16:01:50"},
      {
        "date_created":"2011-04-05 14:45:47"},
      {
        "date_created":"2011-09-14 11:35:51"},
      {
        "date_created":"2011-09-13 09:35:00"}]
  }}
