{
"name":"Nov",
"children":[
{
"name":"27",
"children":[

{
"name":"Water-uptake.html","size":500}
]
},
{
"name":"29",
"children":[

{
"name":"albedo_line_snow_depths.html","size":500}
]
},
{
"name":"10",
"children":[

{
"name":"soil_moisture_arcss_grid_barrow_alaska_2010.html","size":500}
]
},
{
"name":"19",
"children":[

{
"name":"fine_root_production.html","size":500},

{
"name":"Chemical-weathering-organic-carbon-export.html","size":500}
]
},
{
"name":"02",
"children":[

{
"name":"ucar.ncar.eol.dataset.56_6000.html","size":500},

{
"name":"ucar.ncar.eol.dataset.46_656.html","size":500},

{
"name":"ucar.ncar.eol.dataset.56_605.html","size":500},

{
"name":"ucar.ncar.eol.dataset.46_6200.html","size":500},

{
"name":"ucar.ncar.eol.dataset.56_602.html","size":500},

{
"name":"ucar.ncar.eol.dataset.46_665.html","size":500},

{
"name":"ucar.ncar.eol.dataset.56_635.html","size":500},

{
"name":"ucar.ncar.eol.dataset.56_607.html","size":500},

{
"name":"ucar.ncar.eol.dataset.56_633.html","size":500},

{
"name":"ucar.ncar.eol.dataset.46_637.html","size":500},

{
"name":"ucar.ncar.eol.dataset.56_638.html","size":500},

{
"name":"ucar.ncar.eol.dataset.46_6650.html","size":500},

{
"name":"ucar.ncar.eol.dataset.56_228.html","size":500},

{
"name":"ucar.ncar.eol.dataset.56_617.html","size":500},

{
"name":"ucar.ncar.eol.dataset.56_223.html","size":500},

{
"name":"ucar.ncar.eol.dataset.56_226.html","size":500},

{
"name":"ucar.ncar.eol.dataset.56_321.html","size":500},

{
"name":"ucar.ncar.eol.dataset.46_6270.html","size":500},

{
"name":"ucar.ncar.eol.dataset.46_647.html","size":500},

{
"name":"ucar.ncar.eol.dataset.46_670.html","size":500},

{
"name":"ucar.ncar.eol.dataset.56_614.html","size":500},

{
"name":"ucar.ncar.eol.dataset.46_6530.html","size":500},

{
"name":"ucar.ncar.eol.dataset.46_6250.html","size":500},

{
"name":"ucar.ncar.eol.dataset.46_6670.html","size":500},

{
"name":"ucar.ncar.eol.dataset.46_668.html","size":500},

{
"name":"ucar.ncar.eol.dataset.56_624.html","size":500},

{
"name":"ucar.ncar.eol.dataset.56_230.html","size":500},

{
"name":"ucar.ncar.eol.dataset.56_621.html","size":500},

{
"name":"ucar.ncar.eol.dataset.46_626.html","size":500},

{
"name":"ucar.ncar.eol.dataset.106_334.html","size":500},

{
"name":"ucar.ncar.eol.dataset.56_6200.html","size":500},

{
"name":"ucar.ncar.eol.dataset.56_630.html","size":500},

{
"name":"ucar.ncar.eol.dataset.56_631.html","size":500},

{
"name":"ucar.ncar.eol.dataset.56_628.html","size":500},

{
"name":"ucar.ncar.eol.dataset.46_300.html","size":500},

{
"name":"ucar.ncar.eol.dataset.56_612.html","size":500},

{
"name":"ucar.ncar.eol.dataset.46_6550.html","size":500},

{
"name":"ucar.ncar.eol.dataset.56_221.html","size":500},

{
"name":"ucar.ncar.eol.dataset.46_619.html","size":500},

{
"name":"ucar.ncar.eol.dataset.46_658.html","size":500},

{
"name":"ucar.ncar.eol.dataset.46_6220.html","size":500},

{
"name":"ucar.ncar.eol.dataset.46_6620.html","size":500},

{
"name":"ucar.ncar.eol.dataset.56_6300.html","size":500},

{
"name":"ucar.ncar.eol.dataset.46_623.html","size":500},

{
"name":"ucar.ncar.eol.dataset.56_619.html","size":500},

{
"name":"ucar.ncar.eol.dataset.46_661.html","size":500},

{
"name":"ucar.ncar.eol.dataset.56_3320.html","size":500},

{
"name":"ucar.ncar.eol.dataset.46_630.html","size":500},

{
"name":"ucar.ncar.eol.dataset.56_3200.html","size":500},

{
"name":"ucar.ncar.eol.dataset.46_628.html","size":500},

{
"name":"ucar.ncar.eol.dataset.46_621.html","size":500},

{
"name":"ucar.ncar.eol.dataset.46_654.html","size":500},

{
"name":"ucar.ncar.eol.dataset.56_600.html","size":500},

{
"name":"ucar.ncar.eol.dataset.46_633.html","size":500},

{
"name":"ucar.ncar.eol.dataset.46_659.html","size":500},

{
"name":"ucar.ncar.eol.dataset.46_500.html","size":500},

{
"name":"ucar.ncar.eol.dataset.46_663.html","size":500},

{
"name":"ucar.ncar.eol.dataset.46_6690.html","size":500},

{
"name":"ucar.ncar.eol.dataset.46_6580.html","size":500},

{
"name":"ucar.ncar.eol.dataset.46_6230.html","size":500},

{
"name":"ucar.ncar.eol.dataset.56_219.html","size":500},

{
"name":"ucar.ncar.eol.dataset.56_626.html","size":500}
]
},
{
"name":"30",
"children":[

{
"name":"fukushima_radiocesium_fallout_and_glaciochemistry_in_arctic_snow_pits.html","size":500}
]
},
{
"name":"09",
"children":[

{
"name":"Glacier6.html","size":500}
]
},
{
"name":"16",
"children":[

{
"name":"soil_moisture_nims_grid_atqasuk_alaska_2010.html","size":500},

{
"name":"soil_moisture_nims_grid_barrow_alaska_2010.html","size":500}
]
},
{
"name":"20",
"children":[

{
"name":"FCDischarge.html","size":500}
]
},
{
"name":"13",
"children":[

{
"name":"arctic_plant_and_ecosystem_respiration.html","size":500}
]
},
{
"name":"18",
"children":[

{
"name":"peak_season_reflectance_from_alaska_ipy_itex_cross_site_comparison.html","size":500},

{
"name":"the_beaufort_gyre_system_flywheel_of_the_arctic_climate.html","size":500},

{
"name":"bering_strait_mooring_data_-_russian_channel_-_summer_2004_to_summer_2006.html","size":500},

{
"name":"core_atmospheric_and_snow_measurements_at_summit_greenland_environmental_observatory_firn_air.html","size":500},

{
"name":"core_atmospheric_and_snow_measurements_at_summit_greenland_environmental_observatory_snow_pit.html","size":500},

{
"name":"north_pole_bottom_pressure_records.html","size":500},

{
"name":"halogen_chemistry_and_ocean-atmosphere-sea_ice-snowpack_oasis_chemical_exchange_during_ipy.html","size":500},

{
"name":"microwave_radiometer_deployed_at_eureka__nunavut__canada_-_raw_data_files.html","size":500},

{
"name":"network_of_permafrost_observatories_in_north_america_and_russia_alaska_mrc.html","size":500},

{
"name":"north_pole_environmental_observatory__npeo__pmel_crrel_ice_temperature_and_mass_balance_buoy_data.html","size":500},

{
"name":"ancillary_data_sets_for_cadis.html","size":500},

{
"name":"alaska_census_regional_database.html","size":500},

{
"name":"core_atmospheric_and_snow_measurements_at_summit_greenland_environmental_observatory_atmospheric_chemistry.html","size":500},

{
"name":"u1_barrow_active-layer_thickness_and_snow_depth.html","size":500},

{
"name":"north_pole_environmental_observatory__npeo__oceanographic_mooring_data.html","size":500},

{
"name":"imnavait_creek_toolik_grids__plant_community_data.html","size":500},

{
"name":"toward_developing_an_arctic_observing_network_an_array_of_surface_buoys_to_sample_turbulent_ocean_heat_and_salt_fluxes_during_the_ipy.html","size":500},

{
"name":"beaufort_gyre_observing_system_data_bgosd.html","size":500},

{
"name":"seasonal_reflectance_from_season_plot_controls.html","size":500},

{
"name":"a_modular_approach_to_building_an_arctic_observing_system_for_the_ipy_and_beyond_in_the_switchyard_region_of_the_arctic_ocean.html","size":500},

{
"name":"beaufort_gyre_exploration_project_-_mooring_d_2007-2008.html","size":500},

{
"name":"whoi_ice_tethered_profiler_5.html","size":500},

{
"name":"bering_sea_sub-network_international_community-based_observation_alliance_for_arctic_observing_network_bssn.html","size":500},

{
"name":"core_atmospheric_measurements_at_summit_greenland_environmental_observatory.html","size":500},

{
"name":"partners_project_arctic_river_biogeochemical_data.html","size":500},

{
"name":"iasoa_-_eureka_observatory.html","size":500},

{
"name":"comparison_of_water_properties_and_flows_in_the_u.s._and_russian_channels_of_the_bering_strait_-_2005-2006.html","size":500},

{
"name":"graph_of_savoonga_nome_census_area_alaska_population_1990-2006.html","size":500},

{
"name":"beaufort_gyre_exploration_project_-_mooring_a__2006-2007.html","size":500},

{
"name":"graph_of_aniak_bethel_census_area_alaska_population_1990-2006.html","size":500},

{
"name":"graph_of_koyuk_nome_census_area_alaska_population_1990-2006.html","size":500},

{
"name":"graph_of_brevig_mission_nome_census_area_alaska_population_1990-2006.html","size":500},

{
"name":"beaufort_gyre_exploration_project_-_mooring_c__2005-2006.html","size":500},

{
"name":"14c_of_soil_co2_from_ipy_itex_cross_site_comparison.html","size":500},

{
"name":"barrow_atqasuk_itex_detailed_microclimate_1998-2008.html","size":500},

{
"name":"beaufort_gyre_exploration_project_-_mooring_b__2003-2004.html","size":500},

{
"name":"barrow_airborne_sea_ice_thickness_surveys.html","size":500},

{
"name":"barrow_atqasuk_itex_community_1995-2008.html","size":500},

{
"name":"graph_of_golovin_nome_census_area_alaska_population_1990-2006.html","size":500},

{
"name":"graph_of_1990_akhiok_kodiak_island_borough_alaska_population.html","size":500},

{
"name":"graph_of_elim_nome_census_area_alaska_population_1990-2006.html","size":500},

{
"name":"beaufort_gyre_exploration_project_-_mooring_a__2004-2005.html","size":500},

{
"name":"beaufort_gyre_exploration_project_-_mooring_c__2006-2007.html","size":500},

{
"name":"graph_of_saint_michael_nome_census_area_alaska_population_1990-2006.html","size":500},

{
"name":"3-hourly_interpolated_buoy_data.html","size":500},

{
"name":"graph_of_dillingham_dillingham_census_area_alaska_population_1990-2006.html","size":500},

{
"name":"3-hourly_interpolated_buoy_data_2004.html","size":500},

{
"name":"beaufort_gyre_exploration_project_-_mooring_c__2007-2008.html","size":500},

{
"name":"beaufort_gyre_exploration_project_-_mooring_b__2007-2008.html","size":500},

{
"name":"qualitative_data__nvivo_.html","size":500},

{
"name":"graph_of_gambell_nome_census_area_alaska_population_1990-2006.html","size":500},

{
"name":"graph_of_manokotak_dillingham_census_area_alaska_population_1990-2006.html","size":500},

{
"name":"quantitative_data__spss.html","size":500},

{
"name":"beaufort_gyre_exploration_project_-_mooring_a_2007-2008.html","size":500},

{
"name":"beaufort_gyre_exploration_project_-_mooring_a_2003-2004.html","size":500},

{
"name":"beaufort_gyre_exploration_project_-_mooring_d__2006-2007.html","size":500},

{
"name":"graph_of_bethel_bethel_census_area_alaska_population_1990-2006.html","size":500},

{
"name":"graph_of_tuluksak_bethel_census_area_alaska_population_1990-2006.html","size":500},

{
"name":"air_temperature_observations_in_the_arctic_1979-2004.html","size":500},

{
"name":"graph_of_diomede_nome_census_area_alaska_population_1990-2006.html","size":500},

{
"name":"graph_of_new_stuyahok_dillingham_census_area_alaska_population_1990-2006.html","size":500},

{
"name":"graph_of_ambler_northwest_arctic_borough_alaska_population_1990-2006.html","size":500},

{
"name":"beaufort_gyre_exploration_project_-_mooring_b__2006-2007.html","size":500},

{
"name":"barrow_atqasuk_itex_climate_1998-2008.html","size":500},

{
"name":"beaufort_gyre_exploration_project_-_mooring_a__2005-2006.html","size":500},

{
"name":"graph_of_aleknagik_dillingham_census_area_alaska_population_1990-2006.html","size":500},

{
"name":"graph_of_togiak_dillingham_census_area_alaska_population_1990-2006.html","size":500},

{
"name":"beaufort_gyre_exploration_project_-_mooring_c__2004-2005.html","size":500},

{
"name":"graph_of_shaktoolik_nome_census_area_alaska_population_1990-2006.html","size":500},

{
"name":"beaufort_gyre_exploration_project_-_mooring_c__2003-2004.html","size":500},

{
"name":"barrow_atqasuk_itex_microclimate_1995-2003.html","size":500},

{
"name":"barrow_atqasuk_itex_plant_1995-2008.html","size":500},

{
"name":"shapefiles_for_bssn_website_map.html","size":500},

{
"name":"beaufort_gyre_exploration_project_-_mooring_b__2004-2005.html","size":500},

{
"name":"graph_of_shishmaref_nome_census_area_alaska_population_1990-2006.html","size":500},

{
"name":"automated_ice_mass_balance_site_sizonet.html","size":500},

{
"name":"statistics_on_data_sets_in_cadis.html","size":500},

{
"name":"beaufort_gyre_exploration_project_-_mooring_b__2005-2006.html","size":500},

{
"name":"arctic_sea_ice_mass_balance_observations.html","size":500},

{
"name":"barrow_atqasuk_itex_thaw_1995-2008.html","size":500},

{
"name":"beaufort_gyre_exploration_project_-_mooring_d__2005-2006.html","size":500},

{
"name":"u2_barrow_active-layer_thickness_crrel.html","size":500},

{
"name":"phenology_of_seasons_control_plots.html","size":500},

{
"name":"soil_temperature_station_data_from_permafrost_regions_of_russia_1880s_-_2000.html","size":500},

{
"name":"core_atmospheric_and_snow_measurements_at_summit_greenland_environmental_observatory_fog_and_fresh_snow_measurements.html","size":500},

{
"name":"aerial_hydrographic_surveys_for_ipy_and_beyond_tracking_change_and_understanding_seasonal_variability.html","size":500},

{
"name":"coordination_data_management_and_enhancement_of_the_international_arctic_buoy_programme_iabp.html","size":500},

{
"name":"graph_of_nome_nome_census_area_alaska_population_1990-2006.html","size":500},

{
"name":"graph_of_akhiok_kodiak_island_borough_alaska_population_1990-2006.html","size":500},

{
"name":"12_hourly_interpolated_surface_air_pressure_from_buoys.html","size":500}
]
},
{
"name":"22",
"children":[

{
"name":"Humboldt_Ice_Core_Chemistry.html","size":500},

{
"name":"Summit_2010_Ice_Core_Chemistry.html","size":500},

{
"name":"ACT11D_Ice_Core_Chemistry.html","size":500}
]
},
{
"name":"05",
"children":[

{
"name":"ucar.ncar.eol.dataset.62_021.html","size":500},

{
"name":"ucar.ncar.eol.dataset.46_7550.html","size":500},

{
"name":"ucar.ncar.eol.dataset.62_178.html","size":500},

{
"name":"ucar.ncar.eol.dataset.62_010.html","size":500},

{
"name":"ucar.ncar.eol.dataset.62_038.html","size":500},

{
"name":"ucar.ncar.eol.dataset.62_058.html","size":500},

{
"name":"ucar.ncar.eol.dataset.62_005.html","size":500},

{
"name":"ucar.ncar.eol.dataset.62_061.html","size":500},

{
"name":"ucar.ncar.eol.dataset.62_024.html","size":500},

{
"name":"ucar.ncar.eol.dataset.62_0600.html","size":500},

{
"name":"ucar.ncar.eol.dataset.62_211.html","size":500},

{
"name":"ucar.ncar.eol.dataset.46_816.html","size":500},

{
"name":"ucar.ncar.eol.dataset.62_151.html","size":500},

{
"name":"ucar.ncar.eol.dataset.62_019.html","size":500},

{
"name":"ucar.ncar.eol.dataset.62_022.html","size":500},

{
"name":"ucar.ncar.eol.dataset.62_169.html","size":500},

{
"name":"ucar.ncar.eol.dataset.62_015.html","size":500},

{
"name":"ucar.ncar.eol.dataset.62_238.html","size":500},

{
"name":"ucar.ncar.eol.dataset.62_2110.html","size":500},

{
"name":"ucar.ncar.eol.dataset.62_0630.html","size":500},

{
"name":"ucar.ncar.eol.dataset.62_018.html","size":500},

{
"name":"ucar.ncar.eol.dataset.62_125.html","size":500},

{
"name":"ucar.ncar.eol.dataset.62_147.html","size":500},

{
"name":"ucar.ncar.eol.dataset.62_068.html","size":500},

{
"name":"ucar.ncar.eol.dataset.62_154.html","size":500},

{
"name":"ucar.ncar.eol.dataset.62_210.html","size":500},

{
"name":"ucar.ncar.eol.dataset.62_142.html","size":500},

{
"name":"ucar.ncar.eol.dataset.46_721.html","size":500},

{
"name":"ucar.ncar.eol.dataset.62_023.html","size":500},

{
"name":"ucar.ncar.eol.dataset.62_063.html","size":500},

{
"name":"ucar.ncar.eol.dataset.62_152.html","size":500},

{
"name":"ucar.ncar.eol.dataset.62_017.html","size":500},

{
"name":"ucar.ncar.eol.dataset.62_040.html","size":500},

{
"name":"ucar.ncar.eol.dataset.62_197.html","size":500},

{
"name":"ucar.ncar.eol.dataset.46_714.html","size":500},

{
"name":"ucar.ncar.eol.dataset.62_180.html","size":500},

{
"name":"ucar.ncar.eol.dataset.62_150.html","size":500},

{
"name":"ucar.ncar.eol.dataset.62_0580.html","size":500},

{
"name":"ucar.ncar.eol.dataset.62_293.html","size":500},

{
"name":"ucar.ncar.eol.dataset.62_0610.html","size":500},

{
"name":"ucar.ncar.eol.dataset.62_059.html","size":500},

{
"name":"ucar.ncar.eol.dataset.62_029.html","size":500},

{
"name":"ucar.ncar.eol.dataset.62_126.html","size":500},

{
"name":"ucar.ncar.eol.dataset.62_030.html","size":500},

{
"name":"ucar.ncar.eol.dataset.62_0620.html","size":500},

{
"name":"ucar.ncar.eol.dataset.62_060.html","size":500}
]
},
{
"name":"12",
"children":[

{
"name":"CH4flux20082011.html","size":500},

{
"name":"Chironomus2011exp.html","size":500},

{
"name":"Sculpin13C.html","size":500}
]
},
{
"name":"23",
"children":[

{
"name":"u4_west_dock_1_ha_grid_active-layer_thickness.html","size":500},

{
"name":"u7c_betty_pingo_wet_active-layer_thickness_.html","size":500},

{
"name":"u6_deadhorse_active-layer_thickness.html","size":500}
]
},
{
"name":"11",
"children":[

{
"name":"seasonal_2010_reflectance_of_controls_plots_from_seasons_project.html","size":500},

{
"name":"2010acetate.html","size":500},

{
"name":"2009acetate.html","size":500},

{
"name":"gutDNA.html","size":500},

{
"name":"seasonal_2010_phenology_from_season_plot_controls.html","size":500}
]
}]
}
