{"name":"bubble","children":[
{"name":"Ground Water Discharge/Flow","children":[{"name": "Ground Water Discharge/Flow","size": "1000"}]},
{"name":"Ray-Finned Fishes","children":[{"name": "Ray-Finned Fishes","size": "1000"}]},
{"name":"Carbon","children":[{"name": "Carbon","size": "15000"}]},
{"name":"Salinity","children":[{"name": "Salinity","size": "7000"}]},
{"name":"Ice Depth/Thickness","children":[{"name": "Ice Depth/Thickness","size": "6000"}]},
{"name":"Rain","children":[{"name": "Rain","size": "6000"}]},
{"name":"Pelagic Habitat","children":[{"name": "Pelagic Habitat","size": "1000"}]},
{"name":"Sulfate Particles","children":[{"name": "Sulfate Particles","size": "5000"}]},
{"name":"Ions","children":[{"name": "Ions","size": "1000"}]},
{"name":"Terrestrial Ecosystems","children":[{"name": "Terrestrial Ecosystems","size": "54000"}]},
{"name":"Animals/Vertebrates","children":[{"name": "Animals/Vertebrates","size": "6000"}]},
{"name":"Biomass","children":[{"name": "Biomass","size": "2000"}]},
{"name":"Aerosols","children":[{"name": "Aerosols","size": "19000"}]},
{"name":"Atmosphere","children":[{"name": "Atmosphere","size": "114000"}]},
{"name":"Vegetation Cover","children":[{"name": "Vegetation Cover","size": "2000"}]},
{"name":"Freeze/Thaw","children":[{"name": "Freeze/Thaw","size": "2000"}]},
{"name":"Snow Density","children":[{"name": "Snow Density","size": "3000"}]},
{"name":"Nitrate Particles","children":[{"name": "Nitrate Particles","size": "5000"}]},
{"name":"Halocarbons And Halogens","children":[{"name": "Halocarbons And Halogens","size": "1000"}]},
{"name":"Agriculture Production","children":[{"name": "Agriculture Production","size": "1000"}]},
{"name":"Ice Temperature","children":[{"name": "Ice Temperature","size": "3000"}]},
{"name":"Fresh Water Flux","children":[{"name": "Fresh Water Flux","size": "18000"}]},
{"name":"Nitrogen Oxides","children":[{"name": "Nitrogen Oxides","size": "1000"}]},
{"name":"Atmospheric Radiation","children":[{"name": "Atmospheric Radiation","size": "2000"}]},
{"name":"Marine Habitat","children":[{"name": "Marine Habitat","size": "4000"}]},
{"name":"Lake Level Reconstruction","children":[{"name": "Lake Level Reconstruction","size": "1000"}]},
{"name":"Soil Gas/Air","children":[{"name": "Soil Gas/Air","size": "1000"}]},
{"name":"Solid Earth","children":[{"name": "Solid Earth","size": "5000"}]},
{"name":"Isotope Measurements","children":[{"name": "Isotope Measurements","size": "1000"}]},
{"name":"Conservation","children":[{"name": "Conservation","size": "2000"}]},
{"name":"Gymnosperms","children":[{"name": "Gymnosperms","size": "1000"}]},
{"name":"Ecosystem Functions","children":[{"name": "Ecosystem Functions","size": "23000"}]},
{"name":"Phosphorus","children":[{"name": "Phosphorus","size": "1000"}]},
{"name":"Atmospheric Chemistry","children":[{"name": "Atmospheric Chemistry","size": "6000"}]},
{"name":"Fish","children":[{"name": "Fish","size": "1000"}]},
{"name":"Incoming Solar Radiation","children":[{"name": "Incoming Solar Radiation","size": "2000"}]},
{"name":"Ocean Currents","children":[{"name": "Ocean Currents","size": "3000"}]},
{"name":"Snow Stratigraphy","children":[{"name": "Snow Stratigraphy","size": "1000"}]},
{"name":"Plant Phenology","children":[{"name": "Plant Phenology","size": "4000"}]},
{"name":"Frozen Ground","children":[{"name": "Frozen Ground","size": "52000"}]},
{"name":"Marine Environment Monitoring","children":[{"name": "Marine Environment Monitoring","size": "1000"}]},
{"name":"Grasslands","children":[{"name": "Grasslands","size": "1000"}]},
{"name":"Water Temperature","children":[{"name": "Water Temperature","size": "17000"}]},
{"name":"Invasive Species","children":[{"name": "Invasive Species","size": "1000"}]},
{"name":"Atmospheric Temperature","children":[{"name": "Atmospheric Temperature","size": "11000"}]},
{"name":"Cods/Haddocks","children":[{"name": "Cods/Haddocks","size": "1000"}]},
{"name":"Human Dimensions","children":[{"name": "Human Dimensions","size": "41000"}]},
{"name":"Species Life History","children":[{"name": "Species Life History","size": "1000"}]},
{"name":"Water Pressure","children":[{"name": "Water Pressure","size": "2000"}]},
{"name":"Turbidity","children":[{"name": "Turbidity","size": "1000"}]},
{"name":"Electricity","children":[{"name": "Electricity","size": "1000"}]},
{"name":"Surface Winds","children":[{"name": "Surface Winds","size": "4000"}]},
{"name":"Nitrate","children":[{"name": "Nitrate","size": "1000"}]},
{"name":"Coastal Habitat","children":[{"name": "Coastal Habitat","size": "1000"}]},
{"name":"Cloud Microphysics","children":[{"name": "Cloud Microphysics","size": "1000"}]},
{"name":"Microalgae","children":[{"name": "Microalgae","size": "1000"}]},
{"name":"Rivers/Streams","children":[{"name": "Rivers/Streams","size": "9000"}]},
{"name":"Glacier Thickness/Ice Sheet Thickness","children":[{"name": "Glacier Thickness/Ice Sheet Thickness","size": "2000"}]},
{"name":"Sea Ice","children":[{"name": "Sea Ice","size": "56000"}]},
{"name":"Organic Matter","children":[{"name": "Organic Matter","size": "8000"}]},
{"name":"Ground Water","children":[{"name": "Ground Water","size": "1000"}]},
{"name":"Attenuation/Transmission","children":[{"name": "Attenuation/Transmission","size": "1000"}]},
{"name":"Surface Radiative Properties","children":[{"name": "Surface Radiative Properties","size": "5000"}]},
{"name":"Trace Elements","children":[{"name": "Trace Elements","size": "6000"}]},
{"name":"Paleoclimate","children":[{"name": "Paleoclimate","size": "13000"}]},
{"name":"Reflectance","children":[{"name": "Reflectance","size": "5000"}]},
{"name":"Glaciers/Ice Sheets","children":[{"name": "Glaciers/Ice Sheets","size": "18000"}]},
{"name":"Plants","children":[{"name": "Plants","size": "4000"}]},
{"name":"Pigments","children":[{"name": "Pigments","size": "1000"}]},
{"name":"Biogenic Sediments","children":[{"name": "Biogenic Sediments","size": "1000"}]},
{"name":"Paleosols","children":[{"name": "Paleosols","size": "1000"}]},
{"name":"Electrical Conductivity","children":[{"name": "Electrical Conductivity","size": "2000"}]},
{"name":"Surface Air Temperature","children":[{"name": "Surface Air Temperature","size": "4000"}]},
{"name":"Plant Succession","children":[{"name": "Plant Succession","size": "3000"}]},
{"name":"Soils","children":[{"name": "Soils","size": "51000"}]},
{"name":"Aphotic/Photic Zone","children":[{"name": "Aphotic/Photic Zone","size": "1000"}]},
{"name":"Ice Core Records","children":[{"name": "Ice Core Records","size": "3000"}]},
{"name":"Landscape Management","children":[{"name": "Landscape Management","size": "1000"}]},
{"name":"Soil Horizons/Profile","children":[{"name": "Soil Horizons/Profile","size": "1000"}]},
{"name":"Seals/Sea Lions/Walruses","children":[{"name": "Seals/Sea Lions/Walruses","size": "3000"}]},
{"name":"Phytoplankton","children":[{"name": "Phytoplankton","size": "2000"}]},
{"name":"Dust/Ash/Smoke","children":[{"name": "Dust/Ash/Smoke","size": "5000"}]},
{"name":"Indigenous/Native Species","children":[{"name": "Indigenous/Native Species","size": "1000"}]},
{"name":"Soil Moisture/Water Content","children":[{"name": "Soil Moisture/Water Content","size": "9000"}]},
{"name":"Stratigraphic Sequence","children":[{"name": "Stratigraphic Sequence","size": "2000"}]},
{"name":"Atmospheric Water Vapor","children":[{"name": "Atmospheric Water Vapor","size": "32000"}]},
{"name":"Grazing Dynamics/Plant Herbivory","children":[{"name": "Grazing Dynamics/Plant Herbivory","size": "1000"}]},
{"name":"Biosphere","children":[{"name": "Biosphere","size": "155000"}]},
{"name":"Photosynthesis","children":[{"name": "Photosynthesis","size": "1000"}]},
{"name":"Chemical Weathering","children":[{"name": "Chemical Weathering","size": "1000"}]},
{"name":"Carbon And Hydrocarbon Compounds","children":[{"name": "Carbon And Hydrocarbon Compounds","size": "2000"}]},
{"name":"Biogeochemical Processes","children":[{"name": "Biogeochemical Processes","size": "1000"}]},
{"name":"Sediment Transport","children":[{"name": "Sediment Transport","size": "1000"}]},
{"name":"Evergreen Vegetation","children":[{"name": "Evergreen Vegetation","size": "2000"}]},
{"name":"Lake Ice","children":[{"name": "Lake Ice","size": "5000"}]},
{"name":"Snow/Ice","children":[{"name": "Snow/Ice","size": "158000"}]},
{"name":"Aquatic Sciences","children":[{"name": "Aquatic Sciences","size": "1000"}]},
{"name":"Plant Characteristics","children":[{"name": "Plant Characteristics","size": "2000"}]},
{"name":"Photosynthetically Active Radiation","children":[{"name": "Photosynthetically Active Radiation","size": "1000"}]},
{"name":"Snow Water Equivalent","children":[{"name": "Snow Water Equivalent","size": "1000"}]},
{"name":"Infrastructure","children":[{"name": "Infrastructure","size": "2000"}]},
{"name":"Alkalinity","children":[{"name": "Alkalinity","size": "2000"}]},
{"name":"Atmospheric/Ocean Indicators","children":[{"name": "Atmospheric/Ocean Indicators","size": "7000"}]},
{"name":"Population","children":[{"name": "Population","size": "24000"}]},
{"name":"Ocean Circulation","children":[{"name": "Ocean Circulation","size": "22000"}]},
{"name":"Social Behavior","children":[{"name": "Social Behavior","size": "6000"}]},
{"name":"Drought/Precipitation Reconstruction","children":[{"name": "Drought/Precipitation Reconstruction","size": "1000"}]},
{"name":"Biological Classification","children":[{"name": "Biological Classification","size": "17000"}]},
{"name":"Snow/Ice Chemistry","children":[{"name": "Snow/Ice Chemistry","size": "7000"}]},
{"name":"Economic Resources","children":[{"name": "Economic Resources","size": "1000"}]},
{"name":"Ice Sheets","children":[{"name": "Ice Sheets","size": "3000"}]},
{"name":"Fire Dynamics","children":[{"name": "Fire Dynamics","size": "4000"}]},
{"name":"Vegetation Species","children":[{"name": "Vegetation Species","size": "3000"}]},
{"name":"Density","children":[{"name": "Density","size": "3000"}]},
{"name":"Cryosphere","children":[{"name": "Cryosphere","size": "256000"}]},
{"name":"Cyanobacteria (Blue-Green Algae)","children":[{"name": "Cyanobacteria (Blue-Green Algae)","size": "1000"}]},
{"name":"Glacial Measurements","children":[{"name": "Glacial Measurements","size": "2000"}]},
{"name":"Land Surface/Agriculture Indicators","children":[{"name": "Land Surface/Agriculture Indicators","size": "1000"}]},
{"name":"Earthquakes","children":[{"name": "Earthquakes","size": "1000"}]},
{"name":"Land Surface","children":[{"name": "Land Surface","size": "80000"}]},
{"name":"Geochemical Properties","children":[{"name": "Geochemical Properties","size": "2000"}]},
{"name":"Erosion/Sedimentation","children":[{"name": "Erosion/Sedimentation","size": "3000"}]},
{"name":"Salinity/Density","children":[{"name": "Salinity/Density","size": "9000"}]},
{"name":"Temperature Indices","children":[{"name": "Temperature Indices","size": "6000"}]},
{"name":"Permafrost","children":[{"name": "Permafrost","size": "17000"}]},
{"name":"Primary Production","children":[{"name": "Primary Production","size": "3000"}]},
{"name":"Carbonaceous Aerosols","children":[{"name": "Carbonaceous Aerosols","size": "4000"}]},
{"name":"Cryospheric Indicators","children":[{"name": "Cryospheric Indicators","size": "5000"}]},
{"name":"Sediment Chemistry","children":[{"name": "Sediment Chemistry","size": "1000"}]},
{"name":"Evapotranspiration","children":[{"name": "Evapotranspiration","size": "1000"}]},
{"name":"Soil Water Holding Capacity","children":[{"name": "Soil Water Holding Capacity","size": "1000"}]},
{"name":"Paleoclimate Reconstructions","children":[{"name": "Paleoclimate Reconstructions","size": "2000"}]},
{"name":"Leads","children":[{"name": "Leads","size": "1000"}]},
{"name":"Precipitation","children":[{"name": "Precipitation","size": "10000"}]},
{"name":"Ocean Acoustics","children":[{"name": "Ocean Acoustics","size": "2000"}]},
{"name":"Macrofossils","children":[{"name": "Macrofossils","size": "1000"}]},
{"name":"Decomposition","children":[{"name": "Decomposition","size": "1000"}]},
{"name":"Indigenous Vegetation","children":[{"name": "Indigenous Vegetation","size": "2000"}]},
{"name":"Estuaries","children":[{"name": "Estuaries","size": "2000"}]},
{"name":"Stable Isotopes","children":[{"name": "Stable Isotopes","size": "1000"}]},
{"name":"Thermocline","children":[{"name": "Thermocline","size": "1000"}]},
{"name":"Endangered Species","children":[{"name": "Endangered Species","size": "1000"}]},
{"name":"Glacier Topography/Ice Sheet Topography","children":[{"name": "Glacier Topography/Ice Sheet Topography","size": "2000"}]},
{"name":"Water Depth","children":[{"name": "Water Depth","size": "3000"}]},
{"name":"Administrative Divisions","children":[{"name": "Administrative Divisions","size": "1000"}]},
{"name":"Soil Temperature","children":[{"name": "Soil Temperature","size": "15000"}]},
{"name":"Forests","children":[{"name": "Forests","size": "13000"}]},
{"name":"Community Structure","children":[{"name": "Community Structure","size": "2000"}]},
{"name":"Cetaceans","children":[{"name": "Cetaceans","size": "2000"}]},
{"name":"Tectonics","children":[{"name": "Tectonics","size": "1000"}]},
{"name":"Environmental Impacts","children":[{"name": "Environmental Impacts","size": "4000"}]},
{"name":"Coastal Processes","children":[{"name": "Coastal Processes","size": "3000"}]},
{"name":"Soil Bulk Density","children":[{"name": "Soil Bulk Density","size": "1000"}]},
{"name":"Biodiversity Functions","children":[{"name": "Biodiversity Functions","size": "3000"}]},
{"name":"Ecological Dynamics","children":[{"name": "Ecological Dynamics","size": "43000"}]},
{"name":"Sediment Composition","children":[{"name": "Sediment Composition","size": "1000"}]},
{"name":"Precipitation Amount","children":[{"name": "Precipitation Amount","size": "1000"}]},
{"name":"Glacier Mass Balance/Ice Sheet Mass Balance","children":[{"name": "Glacier Mass Balance/Ice Sheet Mass Balance","size": "3000"}]},
{"name":"Angiosperms (Flowering Plants)","children":[{"name": "Angiosperms (Flowering Plants)","size": "2000"}]},
{"name":"Isotopes","children":[{"name": "Isotopes","size": "4000"}]},
{"name":"Microflora","children":[{"name": "Microflora","size": "1000"}]},
{"name":"Ocean Pressure","children":[{"name": "Ocean Pressure","size": "2000"}]},
{"name":"Conductivity","children":[{"name": "Conductivity","size": "12000"}]},
{"name":"Cloud Liquid Water/Ice","children":[{"name": "Cloud Liquid Water/Ice","size": "1000"}]},
{"name":"Wind Chill","children":[{"name": "Wind Chill","size": "1000"}]},
{"name":"Ocean/Lake Records","children":[{"name": "Ocean/Lake Records","size": "7000"}]},
{"name":"Ice Growth/Melt","children":[{"name": "Ice Growth/Melt","size": "7000"}]},
{"name":"Plankton","children":[{"name": "Plankton","size": "14000"}]},
{"name":"Erosion","children":[{"name": "Erosion","size": "2000"}]},
{"name":"Water Channels","children":[{"name": "Water Channels","size": "1000"}]},
{"name":"Snow/Ice Temperature","children":[{"name": "Snow/Ice Temperature","size": "31000"}]},
{"name":"Snow Depth","children":[{"name": "Snow Depth","size": "63000"}]},
{"name":"Teleconnections","children":[{"name": "Teleconnections","size": "1000"}]},
{"name":"Carnivores","children":[{"name": "Carnivores","size": "3000"}]},
{"name":"Tree Rings","children":[{"name": "Tree Rings","size": "4000"}]},
{"name":"Mammals","children":[{"name": "Mammals","size": "5000"}]},
{"name":"Geochemistry","children":[{"name": "Geochemistry","size": "4000"}]},
{"name":"Glacier Motion/Ice Sheet Motion","children":[{"name": "Glacier Motion/Ice Sheet Motion","size": "1000"}]},
{"name":"Fire Ecology","children":[{"name": "Fire Ecology","size": "5000"}]},
{"name":"Floods","children":[{"name": "Floods","size": "2000"}]},
{"name":"Geochemical Processes","children":[{"name": "Geochemical Processes","size": "1000"}]},
{"name":"Soil Texture","children":[{"name": "Soil Texture","size": "1000"}]},
{"name":"Soil Ph","children":[{"name": "Soil Ph","size": "2000"}]},
{"name":"Animals/Invertebrates","children":[{"name": "Animals/Invertebrates","size": "3000"}]},
{"name":"Phosphorous Compounds","children":[{"name": "Phosphorous Compounds","size": "7000"}]},
{"name":"Boreholes","children":[{"name": "Boreholes","size": "1000"}]},
{"name":"Conifers","children":[{"name": "Conifers","size": "1000"}]},
{"name":"Paleoclimate Indicators","children":[{"name": "Paleoclimate Indicators","size": "4000"}]},
{"name":"Community Dynamics","children":[{"name": "Community Dynamics","size": "9000"}]},
{"name":"Ph","children":[{"name": "Ph","size": "2000"}]},
{"name":"Surface Water Chemistry","children":[{"name": "Surface Water Chemistry","size": "3000"}]},
{"name":"Respiration Rate","children":[{"name": "Respiration Rate","size": "3000"}]},
{"name":"Ice Floes","children":[{"name": "Ice Floes","size": "1000"}]},
{"name":"Clouds","children":[{"name": "Clouds","size": "1000"}]},
{"name":"Terrestrial Hydrosphere","children":[{"name": "Terrestrial Hydrosphere","size": "75000"}]},
{"name":"Nitrite","children":[{"name": "Nitrite","size": "1000"}]},
{"name":"Trace Gases/Trace Species","children":[{"name": "Trace Gases/Trace Species","size": "2000"}]},
{"name":"Nutrient Cycling","children":[{"name": "Nutrient Cycling","size": "1000"}]},
{"name":"Ocean Temperature","children":[{"name": "Ocean Temperature","size": "8000"}]},
{"name":"Shrubland/Scrub","children":[{"name": "Shrubland/Scrub","size": "3000"}]},
{"name":"Polynyas","children":[{"name": "Polynyas","size": "1000"}]},
{"name":"Bacteria/Archaea","children":[{"name": "Bacteria/Archaea","size": "2000"}]},
{"name":"Atmospheric Pressure","children":[{"name": "Atmospheric Pressure","size": "1000"}]},
{"name":"Peatlands","children":[{"name": "Peatlands","size": "5000"}]},
{"name":"Water Quality/Water Chemistry","children":[{"name": "Water Quality/Water Chemistry","size": "43000"}]},
{"name":"Alpine/Tundra","children":[{"name": "Alpine/Tundra","size": "36000"}]},
{"name":"Aquatic Ecosystems","children":[{"name": "Aquatic Ecosystems","size": "29000"}]},
{"name":"Snow","children":[{"name": "Snow","size": "3000"}]},
{"name":"Air Temperature","children":[{"name": "Air Temperature","size": "6000"}]},
{"name":"Ice Types","children":[{"name": "Ice Types","size": "2000"}]},
{"name":"Turbulence","children":[{"name": "Turbulence","size": "1000"}]},
{"name":"Ice Edges","children":[{"name": "Ice Edges","size": "1000"}]},
{"name":"Sea Ice Motion","children":[{"name": "Sea Ice Motion","size": "2000"}]},
{"name":"Ocean Winds","children":[{"name": "Ocean Winds","size": "2000"}]},
{"name":"Lakes","children":[{"name": "Lakes","size": "9000"}]},
{"name":"Nutrients","children":[{"name": "Nutrients","size": "10000"}]},
{"name":"Land Management","children":[{"name": "Land Management","size": "2000"}]},
{"name":"Arctic Oscillation","children":[{"name": "Arctic Oscillation","size": "1000"}]},
{"name":"Environmental Governance/Management","children":[{"name": "Environmental Governance/Management","size": "2000"}]},
{"name":"Topographic Effects","children":[{"name": "Topographic Effects","size": "1000"}]},
{"name":"Snow Cover","children":[{"name": "Snow Cover","size": "45000"}]},
{"name":"Seasonally Frozen Ground","children":[{"name": "Seasonally Frozen Ground","size": "4000"}]},
{"name":"Ambient Noise","children":[{"name": "Ambient Noise","size": "2000"}]},
{"name":"Species/Population Interactions","children":[{"name": "Species/Population Interactions","size": "4000"}]},
{"name":"Landscape","children":[{"name": "Landscape","size": "17000"}]},
{"name":"Absorption","children":[{"name": "Absorption","size": "1000"}]},
{"name":"Snow Melt","children":[{"name": "Snow Melt","size": "28000"}]},
{"name":"Soil Chemistry","children":[{"name": "Soil Chemistry","size": "4000"}]},
{"name":"Nitrogen Compounds","children":[{"name": "Nitrogen Compounds","size": "2000"}]},
{"name":"Surface Pressure","children":[{"name": "Surface Pressure","size": "1000"}]},
{"name":"Agriculture","children":[{"name": "Agriculture","size": "8000"}]},
{"name":"Ocean Optics","children":[{"name": "Ocean Optics","size": "5000"}]},
{"name":"Humidity","children":[{"name": "Humidity","size": "31000"}]},
{"name":"Periglacial Processes","children":[{"name": "Periglacial Processes","size": "1000"}]},
{"name":"Biomass Dynamics","children":[{"name": "Biomass Dynamics","size": "1000"}]},
{"name":"Wetlands","children":[{"name": "Wetlands","size": "5000"}]},
{"name":"Zooplankton","children":[{"name": "Zooplankton","size": "6000"}]},
{"name":"Static Temperature","children":[{"name": "Static Temperature","size": "1000"}]},
{"name":"Water Ion Concentration","children":[{"name": "Water Ion Concentration","size": "2000"}]},
{"name":"Biogeochemical Cycles","children":[{"name": "Biogeochemical Cycles","size": "13000"}]},
{"name":"Topography","children":[{"name": "Topography","size": "1000"}]},
{"name":"Seismic Profile","children":[{"name": "Seismic Profile","size": "1000"}]},
{"name":"Land Records","children":[{"name": "Land Records","size": "5000"}]},
{"name":"Atmospheric Winds","children":[{"name": "Atmospheric Winds","size": "32000"}]},
{"name":"Sediments","children":[{"name": "Sediments","size": "4000"}]},
{"name":"Land Tenure","children":[{"name": "Land Tenure","size": "1000"}]},
{"name":"Contaminant Levels/Spills","children":[{"name": "Contaminant Levels/Spills","size": "1000"}]},
{"name":"Chlorine Monoxide","children":[{"name": "Chlorine Monoxide","size": "1000"}]},
{"name":"Vegetation","children":[{"name": "Vegetation","size": "28000"}]},
{"name":"Population Size","children":[{"name": "Population Size","size": "24000"}]},
{"name":"Organic Carbon","children":[{"name": "Organic Carbon","size": "1000"}]},
{"name":"Dicots","children":[{"name": "Dicots","size": "2000"}]},
{"name":"Gelbstoff","children":[{"name": "Gelbstoff","size": "1000"}]},
{"name":"Oceans","children":[{"name": "Oceans","size": "98000"}]},
{"name":"Climate Indicators","children":[{"name": "Climate Indicators","size": "17000"}]},
{"name":"Active Layer","children":[{"name": "Active Layer","size": "27000"}]},
{"name":"Surface Water","children":[{"name": "Surface Water","size": "25000"}]},
{"name":"Sedimentation","children":[{"name": "Sedimentation","size": "1000"}]},
{"name":"Political Divisions","children":[{"name": "Political Divisions","size": "1000"}]},
{"name":"Common Sense Climate Index","children":[{"name": "Common Sense Climate Index","size": "6000"}]},
{"name":"Microfossils","children":[{"name": "Microfossils","size": "1000"}]},
{"name":"Vegetation Index","children":[{"name": "Vegetation Index","size": "1000"}]},
{"name":"Chlorophyll","children":[{"name": "Chlorophyll","size": "1000"}]},
{"name":"Protists","children":[{"name": "Protists","size": "2000"}]},
{"name":"Landscape Patterns","children":[{"name": "Landscape Patterns","size": "4000"}]},
{"name":"Carbon Dioxide","children":[{"name": "Carbon Dioxide","size": "3000"}]},
{"name":"Ocean Chemistry","children":[{"name": "Ocean Chemistry","size": "23000"}]},
{"name":"Marine Sediments","children":[{"name": "Marine Sediments","size": "5000"}]},
{"name":"Soil Porosity","children":[{"name": "Soil Porosity","size": "1000"}]},
{"name":"Dominant Species","children":[{"name": "Dominant Species","size": "2000"}]},
{"name":"Boundaries","children":[{"name": "Boundaries","size": "2000"}]},
{"name":"Convergence/Divergence","children":[{"name": "Convergence/Divergence","size": "29000"}]},
{"name":"Ice Extent","children":[{"name": "Ice Extent","size": "2000"}]},
{"name":"Glaciers","children":[{"name": "Glaciers","size": "8000"}]},
{"name":"Landscape Ecology","children":[{"name": "Landscape Ecology","size": "12000"}]},
{"name":"Discharge/Flow","children":[{"name": "Discharge/Flow","size": "5000"}]},
{"name":"Nitrogen","children":[{"name": "Nitrogen","size": "5000"}]},
{"name":"Cultural Features","children":[{"name": "Cultural Features","size": "1000"}]},
{"name":"Heavy Metals Concentration","children":[{"name": "Heavy Metals Concentration","size": "1000"}]},
{"name":"Phosphate","children":[{"name": "Phosphate","size": "1000"}]}
]}
