{"name": "bubble", "children": [{"name": "Alabama", "children": [{"name": "Alabama", "size": "3649"}]}, {"name": "Alaska", "children": [{"name": "Alaska", "size": "164"}]}, {"name": "Arizona", "children": [{"name": "Arizona", "size": "2370"}]}, {"name": "Arkansas", "children": [{"name": "Arkansas", "size": "1655"}]}, {"name": "California", "children": [{"name": "California", "size": "4064"}]}, {"name": "Colorado", "children": [{"name": "Colorado", "size": "7332"}]}, {"name": "Connecticut", "children": [{"name": "Connecticut", "size": "331"}]}, {"name": "Delaware", "children": [{"name": "Delaware", "size": "165"}]}, {"name": "Florida", "children": [{"name": "Florida", "size": "7809"}]}, {"name": "Georgia", "children": [{"name": "Georgia", "size": "3382"}]}, {"name": "Hawaii", "children": [{"name": "Hawaii", "size": "152"}]}, {"name": "Idaho", "children": [{"name": "Idaho", "size": "525"}]}, {"name": "Illinois", "children": [{"name": "Illinois", "size": "3176"}]}, {"name": "Indiana", "children": [{"name": "Indiana", "size": "6306"}]}, {"name": "Iowa", "children": [{"name": "Iowa", "size": "782"}]}, {"name": "Kansas", "children": [{"name": "Kansas", "size": "3333"}]}, {"name": "Kentucky", "children": [{"name": "Kentucky", "size": "3740"}]}, {"name": "Louisiana", "children": [{"name": "Louisiana", "size": "498"}]}, {"name": "Maine", "children": [{"name": "Maine", "size": "107"}]}, {"name": "Maryland", "children": [{"name": "Maryland", "size": "483"}]}, {"name": "Massachusetts", "children": [{"name": "Massachusetts", "size": "1080"}]}, {"name": "Michigan", "children": [{"name": "Michigan", "size": "4521"}]}, {"name": "Minnesota", "children": [{"name": "Minnesota", "size": "3616"}]}, {"name": "Mississippi", "children": [{"name": "Mississippi", "size": "681"}]}, {"name": "Missouri", "children": [{"name": "Missouri", "size": "5463"}]}, {"name": "Montana", "children": [{"name": "Montana", "size": "974"}]}, {"name": "Nebraska", "children": [{"name": "Nebraska", "size": "1107"}]}, {"name": "Nevada", "children": [{"name": "Nevada", "size": "2165"}]}, {"name": "New Hampshire", "children": [{"name": "New Hampshire", "size": "1278"}]}, {"name": "New Jersey", "children": [{"name": "New Jersey", "size": "536"}]}, {"name": "New Mexico", "children": [{"name": "New Mexico", "size": "1030"}]}, {"name": "New York", "children": [{"name": "New York", "size": "1185"}]}, {"name": "North Carolina", "children": [{"name": "North Carolina", "size": "7920"}]}, {"name": "North Dakota", "children": [{"name": "North Dakota", "size": "91"}]}, {"name": "Ohio", "children": [{"name": "Ohio", "size": "11181"}]}, {"name": "Oklahoma", "children": [{"name": "Oklahoma", "size": "7817"}]}, {"name": "Oregon", "children": [{"name": "Oregon", "size": "4702"}]}, {"name": "Pennsylvania", "children": [{"name": "Pennsylvania", "size": "3318"}]}, {"name": "Rhode Island", "children": [{"name": "Rhode Island", "size": "196"}]}, {"name": "South Carolina", "children": [{"name": "South Carolina", "size": "4737"}]}, {"name": "South Dakota", "children": [{"name": "South Dakota", "size": "183"}]}, {"name": "Tennessee", "children": [{"name": "Tennessee", "size": "6532"}]}, {"name": "Texas", "children": [{"name": "Texas", "size": "5443"}]}, {"name": "Utah", "children": [{"name": "Utah", "size": "235"}]}, {"name": "Vermont", "children": [{"name": "Vermont", "size": "614"}]}, {"name": "Virginia", "children": [{"name": "Virginia", "size": "4150"}]}, {"name": "Washington", "children": [{"name": "Washington", "size": "4991"}]}, {"name": "West Virginia", "children": [{"name": "West Virginia", "size": "272"}]}, {"name": "Wisconsin", "children": [{"name": "Wisconsin", "size": "4626"}]}, {"name": "Wyoming", "children": [{"name": "Wyoming", "size": "198"}]}]}