{"name":"bubble","children":[
{"name":"LICOR GAS EXCHANGE SYSTEM","children":[{"name": "LICOR GAS EXCHANGE SYSTEM","size": "5000"}]},
{"name":"Temperature/Humidity Sensors","children":[{"name": "Temperature/Humidity Sensors","size": "22000"}]},
{"name":"Probes","children":[{"name": "Probes","size": "38000"}]},
{"name":"Grabbers/Traps/Collectors","children":[{"name": "Grabbers/Traps/Collectors","size": "6000"}]},
{"name":"SPECTRORADIOMETERS","children":[{"name": "SPECTRORADIOMETERS","size": "11000"}]},
{"name":"Samplers","children":[{"name": "Samplers","size": "24000"}]},
{"name":"THERMOMETERS","children":[{"name": "THERMOMETERS","size": "7000"}]},
{"name":"WET/DRY PRECIPITATION SAMPLERS","children":[{"name": "WET/DRY PRECIPITATION SAMPLERS","size": "1000"}]},
{"name":"Radiometers","children":[{"name": "Radiometers","size": "9000"}]},
{"name":"PRESSURE SENSORS","children":[{"name": "PRESSURE SENSORS","size": "4000"}]},
{"name":"Thermometers","children":[{"name": "Thermometers","size": "9000"}]},
{"name":"UPWARD LOOKING SONAR","children":[{"name": "UPWARD LOOKING SONAR","size": "1000"}]},
{"name":"STREAM GAUGES","children":[{"name": "STREAM GAUGES","size": "4000"}]},
{"name":"SOIL TEMPERATURE PROBE","children":[{"name": "SOIL TEMPERATURE PROBE","size": "4000"}]},
{"name":"Passive Remote Sensing","children":[{"name": "Passive Remote Sensing","size": "84000"}]},
{"name":"Spectroradiometers","children":[{"name": "Spectroradiometers","size": "11000"}]},
{"name":"HYDROPHONES","children":[{"name": "HYDROPHONES","size": "2000"}]},
{"name":"DRIFTING BUOYS","children":[{"name": "DRIFTING BUOYS","size": "4000"}]},
{"name":"WATER BOTTLES","children":[{"name": "WATER BOTTLES","size": "3000"}]},
{"name":"RADIOMETERS","children":[{"name": "RADIOMETERS","size": "9000"}]},
{"name":"Spectrometers/Radiometers","children":[{"name": "Spectrometers/Radiometers","size": "69000"}]},
{"name":"ACOUSTIC SOUNDERS","children":[{"name": "ACOUSTIC SOUNDERS","size": "1000"}]},
{"name":"VISUAL OBSERVATIONS","children":[{"name": "VISUAL OBSERVATIONS","size": "3000"}]},
{"name":"SPECTROMETERS","children":[{"name": "SPECTROMETERS","size": "30000"}]},
{"name":"RADAR ECHO SOUNDERS","children":[{"name": "RADAR ECHO SOUNDERS","size": "2000"}]},
{"name":"PRESSURE TRANSDUCERS","children":[{"name": "PRESSURE TRANSDUCERS","size": "4000"}]},
{"name":"CO2 ANALYZERS","children":[{"name": "CO2 ANALYZERS","size": "5000"}]},
{"name":"CURRENT METERS","children":[{"name": "CURRENT METERS","size": "1000"}]},
{"name":"INFRARED THERMOMETERS","children":[{"name": "INFRARED THERMOMETERS","size": "2000"}]},
{"name":"Photon/Optical Detectors","children":[{"name": "Photon/Optical Detectors","size": "32000"}]},
{"name":"Radiation Sensors","children":[{"name": "Radiation Sensors","size": "1000"}]},
{"name":"RAIN GAUGES","children":[{"name": "RAIN GAUGES","size": "3000"}]},
{"name":"LICOR QUANTUM SENSOR","children":[{"name": "LICOR QUANTUM SENSOR","size": "1000"}]},
{"name":"PLANKTON NETS","children":[{"name": "PLANKTON NETS","size": "1000"}]},
{"name":"Cameras","children":[{"name": "Cameras","size": "25000"}]},
{"name":"WELL LOGGING TOOLS","children":[{"name": "WELL LOGGING TOOLS","size": "3000"}]},
{"name":"PYRANOMETERS","children":[{"name": "PYRANOMETERS","size": "4000"}]},
{"name":"Spectrometers","children":[{"name": "Spectrometers","size": "30000"}]},
{"name":"SOIL MOISTURE PROBE","children":[{"name": "SOIL MOISTURE PROBE","size": "6000"}]},
{"name":"SOIL DEPTH PROBE","children":[{"name": "SOIL DEPTH PROBE","size": "5000"}]},
{"name":"PYRGEOMETERS","children":[{"name": "PYRGEOMETERS","size": "3000"}]},
{"name":"MICROSCOPES","children":[{"name": "MICROSCOPES","size": "4000"}]},
{"name":"CAMERAS","children":[{"name": "CAMERAS","size": "25000"}]},
{"name":"Conductivity Sensors","children":[{"name": "Conductivity Sensors","size": "18000"}]},
{"name":"PROBES","children":[{"name": "PROBES","size": "18000"}]},
{"name":"Profilers/Sounders","children":[{"name": "Profilers/Sounders","size": "26000"}]},
{"name":"SEDIMENT CORERS","children":[{"name": "SEDIMENT CORERS","size": "6000"}]},
{"name":"CONDUCTIVITY METERS","children":[{"name": "CONDUCTIVITY METERS","size": "18000"}]},
{"name":"MASS SPECTROMETERS","children":[{"name": "MASS SPECTROMETERS","size": "17000"}]},
{"name":"SURVEYING TOOLS","children":[{"name": "SURVEYING TOOLS","size": "1000"}]},
{"name":"Bottles/Flasks/Jars","children":[{"name": "Bottles/Flasks/Jars","size": "11000"}]},
{"name":"SOIL SAMPLER","children":[{"name": "SOIL SAMPLER","size": "6000"}]},
{"name":"PROFILERS","children":[{"name": "PROFILERS","size": "19000"}]},
{"name":"WATER LEVEL GAUGES","children":[{"name": "WATER LEVEL GAUGES","size": "4000"}]},
{"name":"GAS CHROMATOGRAPHS","children":[{"name": "GAS CHROMATOGRAPHS","size": "4000"}]},
{"name":"PHOTOSYNTHESIS CHAMBER","children":[{"name": "PHOTOSYNTHESIS CHAMBER","size": "1000"}]},
{"name":"TEMPERATURE SENSORS","children":[{"name": "TEMPERATURE SENSORS","size": "11000"}]},
{"name":"Radar Sounders","children":[{"name": "Radar Sounders","size": "2000"}]},
{"name":"TEMPERATURE PROBES","children":[{"name": "TEMPERATURE PROBES","size": "4000"}]},
{"name":"Current/Wind Meters","children":[{"name": "Current/Wind Meters","size": "6000"}]},
{"name":"BAROMETERS","children":[{"name": "BAROMETERS","size": "2000"}]},
{"name":"Trawls/Nets","children":[{"name": "Trawls/Nets","size": "5000"}]},
{"name":"COLORIMETERS","children":[{"name": "COLORIMETERS","size": "2000"}]},
{"name":"ICE STRESS SENSORS","children":[{"name": "ICE STRESS SENSORS","size": "1000"}]},
{"name":"Gauges","children":[{"name": "Gauges","size": "13000"}]},
{"name":"TEMPERATURE LOGGERS","children":[{"name": "TEMPERATURE LOGGERS","size": "15000"}]},
{"name":"WIND VANES","children":[{"name": "WIND VANES","size": "1000"}]},
{"name":"TEMPERATURE PROFILERS","children":[{"name": "TEMPERATURE PROFILERS","size": "1000"}]},
{"name":"ICE AUGERS","children":[{"name": "ICE AUGERS","size": "1000"}]},
{"name":"NISKIN BOTTLES","children":[{"name": "NISKIN BOTTLES","size": "7000"}]},
{"name":"Corers","children":[{"name": "Corers","size": "14000"}]},
{"name":"CARBON ANALYZERS","children":[{"name": "CARBON ANALYZERS","size": "6000"}]},
{"name":"HUMIDITY SENSORS","children":[{"name": "HUMIDITY SENSORS","size": "2000"}]},
{"name":"OXYGEN ANALYZERS","children":[{"name": "OXYGEN ANALYZERS","size": "2000"}]},
{"name":"CORING DEVICES","children":[{"name": "CORING DEVICES","size": "7000"}]},
{"name":"PH METERS","children":[{"name": "PH METERS","size": "4000"}]},
{"name":"Thermal/Radiation Detectors","children":[{"name": "Thermal/Radiation Detectors","size": "8000"}]},
{"name":"Pressure/Height Meters","children":[{"name": "Pressure/Height Meters","size": "12000"}]},
{"name":"Acoustic Sounders","children":[{"name": "Acoustic Sounders","size": "4000"}]},
{"name":"Recorders/Loggers","children":[{"name": "Recorders/Loggers","size": "18000"}]},
{"name":"BONGO NETS","children":[{"name": "BONGO NETS","size": "4000"}]},
{"name":"Chemical Meters/Analyzers","children":[{"name": "Chemical Meters/Analyzers","size": "38000"}]},
{"name":"SPACE RADIATION DOSIMETER","children":[{"name": "SPACE RADIATION DOSIMETER","size": "1000"}]},
{"name":"FLASKS","children":[{"name": "FLASKS","size": "1000"}]},
{"name":"BOTTOM PRESSURE GAUGES","children":[{"name": "BOTTOM PRESSURE GAUGES","size": "2000"}]},
{"name":"Active Remote Sensing","children":[{"name": "Active Remote Sensing","size": "3000"}]},
{"name":"ION CHROMATOGRAPHS","children":[{"name": "ION CHROMATOGRAPHS","size": "9000"}]},
{"name":"ELECTRON MICROPROBES","children":[{"name": "ELECTRON MICROPROBES","size": "1000"}]}
]}
