{
"name":"2013",
"children":[
{
"name":"Dec",
"children":[

{
"name":"ARCSS_Thermokarst_Permafrost_Soil_Database.html","size":500},

{
"name":"CSASN_KupQ_2012.01.html","size":500},

{
"name":"CSASN_PeatInlet_discahrge_2010.01.html","size":500},

{
"name":"SoilTemperature.html","size":500},

{
"name":"CSASN_PeatInlet_bkg_conductivity_2011.01.html","size":500},

{
"name":"CSASN_I8Inlet_bkg_conductivity_2011.01.html","size":500},

{
"name":"CSASN_TASCC_Nutrients.01.html","size":500},

{
"name":"CSASN_I8Outlet_bkg_conductivity_2010.01.html","size":500},

{
"name":"CSASN_PointTransects.01.html","size":500},

{
"name":"CSASN_Well_Depth.html","size":500},

{
"name":"DeadTrees.html","size":500},

{
"name":"Barrow_Atqasuk_ITEX_ARCSS_Abiotic.html","size":500},

{
"name":"HD_Thaw_Perm.html","size":500},

{
"name":"CWD.html","size":500},

{
"name":"2008_MCM_ARF14C.1.html","size":500},

{
"name":"Barrow_Atqasuk_NIMS_Plant_Cover.html","size":500},

{
"name":"CanopyCover.html","size":500},

{
"name":"CSASN_Well_Depth_PIn_2011.html","size":500},

{
"name":"Barrow_Atqasuk_ARCSS_Plant.html","size":500},

{
"name":"Barrow_Atqasuk_ARCSS_Plant_Community.html","size":500},

{
"name":"CSASN_bkg_conductivity.html","size":500},

{
"name":"2011_CSASNSynoptics.01.html","size":500},

{
"name":"CSASN_TASCC_Experiment_Info.01.html","size":500},

{
"name":"CSASN_Discharge.01.html","size":500},

{
"name":"HDThawPerm.html","size":500},

{
"name":"CSASN_TASCCExperiment_Summary.01.html","size":500},

{
"name":"HDTP.html","size":500},

{
"name":"Barrow_Atqasuk_Plant_Biomass.html","size":500},

{
"name":"CSASN_I8Inlet_bkg_conductivity_2012.01.html","size":500},

{
"name":"WAQUFOR.html","size":500},

{
"name":"CSASN_PeatInlet_bkg_conductivity_2012.01.html","size":500},

{
"name":"CSASN_TASCC.html","size":500},

{
"name":"CSASN_I8Outlet_bkg_conductivity_2011.01.html","size":500},

{
"name":"CSASN_Well-Minipiezo_Nutrients.01.html","size":500},

{
"name":"Kuparuk_River_chamber_metabolism.html","size":500},

{
"name":"CSASN_I8Inlet_bkg_conductivity_2010.01.html","size":500},

{
"name":"CSASN_PeatInlet_bkg_conductivity_2010.01.html","size":500},

{
"name":"CSASN_Channel_Nutrients.01.html","size":500},

{
"name":"CSASN_Well_Depth_I8In_2011.html","size":500},

{
"name":"UmiatCorrTK_ARCSSTK_points.01.html","size":500},

{
"name":"CSASN_I8Inlet_discahrge_2011.01.html","size":500},

{
"name":"20092013MCM_TKsoil.01.html","size":500},

{
"name":"CSASN_I8Outlet_bkg_conductivity_2012.01.html","size":500}
]
},
{
"name":"Mar",
"children":[

{
"name":"ucar.ncar.eol.dataset.255_018.html","size":500},

{
"name":"predicted_arctic_vegetation_distribution_shifts_under_future_climate_change.html","size":500}
]
},
{
"name":"Oct",
"children":[

{
"name":"subglacial_data.html","size":500},

{
"name":"USGS_DOI_GTN-P.html","size":500},

{
"name":"Photography.html","size":500},

{
"name":"ucar.ncar.eol.dataset.245_B62_014.html","size":500},

{
"name":"ucar.ncar.eol.dataset.245_B62_012.html","size":500},

{
"name":"ucar.ncar.eol.dataset.245_B62_013.html","size":500},

{
"name":"Oden_PC_01_96_12.html","size":500}
]
},
{
"name":"Sep",
"children":[

{
"name":"Imnavait_LoggerData_2013.html","size":500},

{
"name":"Imnavait_Jaz_2013_1.html","size":500},

{
"name":"Atqasuk_LoggerData_2013.html","size":500},

{
"name":"Barrow_LoggerData_2013.html","size":500},

{
"name":"barrow_field_201303.html","size":500},

{
"name":"active_layer_arcss_atq_2013.html","size":500},

{
"name":"active_layer_arcss_brw_2013.html","size":500}
]
},
{
"name":"Jun",
"children":[

{
"name":"ucar.ncar.eol.dataset.255_049.html","size":500},

{
"name":"Genetics_2010.html","size":500},

{
"name":"ToolikJaz.html","size":500},

{
"name":"ucar.ncar.eol.dataset.255_060.html","size":500},

{
"name":"ucar.ncar.eol.dataset.255_052.html","size":500},

{
"name":"ucar.ncar.eol.dataset.255_048.html","size":500},

{
"name":"CH4CO2_2012.html","size":500},

{
"name":"ImnavaitJaz.html","size":500},

{
"name":"BarrowLoggerData2012.html","size":500},

{
"name":"DissolvedFe2011.html","size":500},

{
"name":"DissolvedFe2012.html","size":500},

{
"name":"ImnavaitJaz_1.html","size":500},

{
"name":"ImnavaitLoggerData2012.html","size":500},

{
"name":"ImnavaitJazData2012_2.html","size":500},

{
"name":"DissolvedCO2CH4_2011.html","size":500},

{
"name":"AtqasukLoggerData2012.html","size":500},

{
"name":"Genetics_2012.html","size":500},

{
"name":"ucar.ncar.eol.dataset.255_058.html","size":500},

{
"name":"ucar.ncar.eol.dataset.255_054.html","size":500},

{
"name":"ucar.ncar.eol.dataset.255_051.html","size":500}
]
},
{
"name":"Jan",
"children":[

{
"name":"carbon_dioxide_concentration_measurements_from_subnivean_environment.html","size":500},

{
"name":"carbon_isotope_data_from_modern_and_fossil_tree_rings.html","size":500},

{
"name":"ucar.ncar.eol.dataset.106_428.html","size":500}
]
},
{
"name":"May",
"children":[

{
"name":"ucar.ncar.eol.dataset.255_042.html","size":500},

{
"name":"ucar.ncar.eol.dataset.255_035.html","size":500},

{
"name":"ucar.ncar.eol.dataset.255_045.html","size":500},

{
"name":"itex_control_phenology_synthesis_dataset.html","size":500},

{
"name":"ucar.ncar.eol.dataset.255_046.html","size":500},

{
"name":"ucar.ncar.eol.dataset.255_034.html","size":500},

{
"name":"ucar.ncar.eol.dataset.255_029.html","size":500},

{
"name":"ucar.ncar.eol.dataset.255_043.html","size":500},

{
"name":"ucar.ncar.eol.dataset.255_044.html","size":500},

{
"name":"ucar.ncar.eol.dataset.255_033.html","size":500}
]
},
{
"name":"Nov",
"children":[

{
"name":"FCDischarge.html","size":500},

{
"name":"Humboldt_Ice_Core_Chemistry.html","size":500},

{
"name":"Summit_2010_Ice_Core_Chemistry.html","size":500},

{
"name":"Glacier6.html","size":500},

{
"name":"Chemical-weathering-organic-carbon-export.html","size":500},

{
"name":"2010acetate.html","size":500},

{
"name":"CH4flux20082011.html","size":500},

{
"name":"Chironomus2011exp.html","size":500},

{
"name":"ACT11D_Ice_Core_Chemistry.html","size":500},

{
"name":"Water-uptake.html","size":500},

{
"name":"2009acetate.html","size":500},

{
"name":"gutDNA.html","size":500},

{
"name":"Sculpin13C.html","size":500}
]
},
{
"name":"Feb",
"children":[

{
"name":"ucar.ncar.eol.dataset.106_427.html","size":500},

{
"name":"ucar.ncar.eol.dataset.255_010.html","size":500},

{
"name":"ucar.ncar.eol.dataset.255_007.html","size":500},

{
"name":"soil_moisture_nims_grid_atqasuk_alaska_2012.html","size":500},

{
"name":"ucar.ncar.eol.dataset.255_008.html","size":500},

{
"name":"ucar.ncar.eol.dataset.255_006.html","size":500},

{
"name":"ucar.ncar.eol.dataset.255_011.html","size":500},

{
"name":"radar_profiling_data_collected_on_breidamerkurjokull_in_2007.html","size":500},

{
"name":"simpson_lagoon_chirp_seismic_data_collected_for_nsf_0935336.html","size":500},

{
"name":"adaptive_long-term_fasting_in_land_and_ice-bound_polar_bears_data_table.html","size":500},

{
"name":"active_layer_nims_grid_barrow_alaska_2012.html","size":500},

{
"name":"collaborative_research_diamonds_and_oil_from_the_tundra_a_system_study_on_the_impact_of_changing_seasons_on_mining_and_oil_exploration____nsf_award_0902130.html","size":500},

{
"name":"vibracore_x-radiographs_for_simpson_lagoon_nsf_09035336.html","size":500},

{
"name":"carbon_isotopic_values_of_alkanes_extracted_from_paleosols.html","size":500},

{
"name":"sediment_core_and_land_sample_data_for_nsf_0935336.html","size":500},

{
"name":"active_layer_nims_grid_atqasuk_alaska_2012.html","size":500},

{
"name":"active_layer_arcss_grid_atqasuk_alaska_2012.html","size":500},

{
"name":"radar_profiling_data_collected_on_breidamerkurjokull_in_2012.html","size":500},

{
"name":"ucar.ncar.eol.dataset.255_005.html","size":500},

{
"name":"soil_moisture_arcss_grid_barrow_alaska_2012.html","size":500},

{
"name":"ucar.ncar.eol.dataset.255_009.html","size":500}
]
},
{
"name":"Aug",
"children":[

{
"name":"SU07chem.html","size":500},

{
"name":"ACEX.html","size":500},

{
"name":"Otter_Lake_Data.html","size":500}
]
},
{
"name":"Apr",
"children":[

{
"name":"ucar.ncar.eol.dataset.255_025.html","size":500},

{
"name":"interannual_branch_extension_growth.html","size":500},

{
"name":"ucar.ncar.eol.dataset.255_027.html","size":500},

{
"name":"ucar.ncar.eol.dataset.255_020.html","size":500},

{
"name":"white_spruce_needle_gas_exchange_nitrogen_concentration_13c_and_15n.html","size":500},

{
"name":"ucar.ncar.eol.dataset.255_028.html","size":500},

{
"name":"ucar.ncar.eol.dataset.255_022.html","size":500},

{
"name":"ucar.ncar.eol.dataset.255_026.html","size":500},

{
"name":"sap_flow_data_2010-2012.html","size":500},

{
"name":"ucar.ncar.eol.dataset.255_032.html","size":500},

{
"name":"ucar.ncar.eol.dataset.255_023.html","size":500},

{
"name":"ucar.ncar.eol.dataset.255_024.html","size":500},

{
"name":"ucar.ncar.eol.dataset.255_021.html","size":500},

{
"name":"microclimate_data.html","size":500},

{
"name":"branch_extension_growth_2011.html","size":500},

{
"name":"micro-core_data.html","size":500}
]
}]
}
