{"name": "May 2015", "children": [{"name": "15", "children": [{"name": "Alabama \n", "children": [{"name": "102017", "size": 500}]}, {"name": "California \n", "children": [{"name": "103959", "size": 500}]}, {"name": "Colorado \n", "children": [{"name": "1001", "size": 500}]}, {"name": "Florida \n", "children": [{"name": "102580", "size": 500}]}, {"name": "Georgia \n", "children": [{"name": "102169", "size": 500}]}, {"name": "Illinois \n", "children": [{"name": "101232", "size": 500}]}, {"name": "Indiana \n", "children": [{"name": "101350", "size": 500}]}, {"name": "Kansas \n", "children": [{"name": "100541", "size": 500}]}, {"name": "Kentucky \n", "children": [{"name": "101340", "size": 500}]}, {"name": "Michigan \n", "children": [{"name": "101135", "size": 500}]}, {"name": "Minnesota \n", "children": [{"name": "101287", "size": 500}]}, {"name": "Missouri \n", "children": [{"name": "100237", "size": 500}]}, {"name": "Nevada \n", "children": [{"name": "105348", "size": 500}]}, {"name": "North%20Carolina \n", "children": [{"name": "100728", "size": 500}]}, {"name": "Ohio \n", "children": [{"name": "100917", "size": 500}]}, {"name": "Oklahoma \n", "children": [{"name": "100426", "size": 500}]}, {"name": "Oregon \n", "children": [{"name": "101093", "size": 500}]}, {"name": "Pennsylvania\n", "children": [{"name": "101614", "size": 500}]}, {"name": "South%20Carolina \n", "children": [{"name": "101285", "size": 500}]}, {"name": "Tennessee \n", "children": [{"name": "100154", "size": 500}]}, {"name": "Texas \n", "children": [{"name": "101954", "size": 500}]}, {"name": "Virginia \n", "children": [{"name": "100050", "size": 500}]}, {"name": "Washington \n", "children": [{"name": "100919", "size": 500}]}, {"name": "Wisconsin \n", "children": [{"name": "100877", "size": 500}]}]}, {"name": "16", "children": [{"name": "Alabama \n", "children": [{"name": "100099", "size": 500}]}, {"name": "Arizona \n", "children": [{"name": "102623", "size": 500}]}, {"name": "Arkansas \n", "children": [{"name": "10149", "size": 500}]}, {"name": "California \n", "children": [{"name": "101586", "size": 500}]}, {"name": "Colorado \n", "children": [{"name": "10155", "size": 500}]}, {"name": "Florida \n", "children": [{"name": "100161", "size": 500}]}, {"name": "Georgia \n", "children": [{"name": "101886", "size": 500}]}, {"name": "Illinois \n", "children": [{"name": "100505", "size": 500}]}, {"name": "Indiana \n", "children": [{"name": "100286", "size": 500}]}, {"name": "Kansas \n", "children": [{"name": "10075", "size": 500}]}, {"name": "Kentucky \n", "children": [{"name": "100876", "size": 500}]}, {"name": "Michigan \n", "children": [{"name": "101042", "size": 500}]}, {"name": "Minnesota \n", "children": [{"name": "100863", "size": 500}]}, {"name": "Missouri \n", "children": [{"name": "100332", "size": 500}]}, {"name": "Nevada \n", "children": [{"name": "100753", "size": 500}]}, {"name": "New%20York \n", "children": [{"name": "102", "size": 500}]}, {"name": "North%20Carolina \n", "children": [{"name": "100097", "size": 500}]}, {"name": "Ohio \n", "children": [{"name": "100360", "size": 500}]}, {"name": "Oklahoma \n", "children": [{"name": "100658", "size": 500}]}, {"name": "Oregon \n", "children": [{"name": "101774", "size": 500}]}, {"name": "Pennsylvania\n", "children": [{"name": "102081", "size": 500}]}, {"name": "South%20Carolina \n", "children": [{"name": "10003", "size": 500}]}, {"name": "Tennessee \n", "children": [{"name": "100603", "size": 500}]}, {"name": "Texas \n", "children": [{"name": "10019", "size": 500}]}, {"name": "Virginia \n", "children": [{"name": "100319", "size": 500}]}, {"name": "Washington \n", "children": [{"name": "100668", "size": 500}]}, {"name": "Wisconsin \n", "children": [{"name": "101527", "size": 500}]}]}, {"name": "17", "children": [{"name": "Alabama \n", "children": [{"name": "102318", "size": 500}]}, {"name": "Arizona \n", "children": [{"name": "100247", "size": 500}]}, {"name": "Arkansas \n", "children": [{"name": "100832", "size": 500}]}, {"name": "California \n", "children": [{"name": "101946", "size": 500}]}, {"name": "Colorado \n", "children": [{"name": "10001", "size": 500}]}, {"name": "Florida \n", "children": [{"name": "101047", "size": 500}]}, {"name": "Georgia \n", "children": [{"name": "10173", "size": 500}]}, {"name": "Illinois \n", "children": [{"name": "100181", "size": 500}]}, {"name": "Indiana \n", "children": [{"name": "10194", "size": 500}]}, {"name": "Kansas \n", "children": [{"name": "100605", "size": 500}]}, {"name": "Kentucky \n", "children": [{"name": "101509", "size": 500}]}, {"name": "Michigan \n", "children": [{"name": "101584", "size": 500}]}, {"name": "Minnesota \n", "children": [{"name": "100754", "size": 500}]}, {"name": "Missouri \n", "children": [{"name": "100489", "size": 500}]}, {"name": "Nevada \n", "children": [{"name": "102136", "size": 500}]}, {"name": "New%20Hampshire \n", "children": [{"name": "100397", "size": 500}]}, {"name": "North%20Carolina \n", "children": [{"name": "10096", "size": 500}]}, {"name": "Ohio \n", "children": [{"name": "100964", "size": 500}]}, {"name": "Oklahoma \n", "children": [{"name": "100665", "size": 500}]}, {"name": "Oregon \n", "children": [{"name": "100494", "size": 500}]}, {"name": "Pennsylvania\n", "children": [{"name": "103550", "size": 500}]}, {"name": "South%20Carolina \n", "children": [{"name": "100028", "size": 500}]}, {"name": "Tennessee \n", "children": [{"name": "100501", "size": 500}]}, {"name": "Texas \n", "children": [{"name": "10054", "size": 500}]}, {"name": "Virginia \n", "children": [{"name": "100456", "size": 500}]}, {"name": "Washington \n", "children": [{"name": "100357", "size": 500}]}, {"name": "Wisconsin \n", "children": [{"name": "100869", "size": 500}]}]}, {"name": "18", "children": [{"name": "Alabama \n", "children": [{"name": "100", "size": 500}]}, {"name": "Arkansas \n", "children": [{"name": "100184", "size": 500}]}, {"name": "California \n", "children": [{"name": "100638", "size": 500}]}, {"name": "Colorado \n", "children": [{"name": "100102", "size": 500}]}, {"name": "Florida \n", "children": [{"name": "100567", "size": 500}]}, {"name": "Georgia \n", "children": [{"name": "101532", "size": 500}]}, {"name": "Illinois \n", "children": [{"name": "102696", "size": 500}]}, {"name": "Indiana \n", "children": [{"name": "101387", "size": 500}]}, {"name": "Kansas \n", "children": [{"name": "101144", "size": 500}]}, {"name": "Kentucky \n", "children": [{"name": "100842", "size": 500}]}, {"name": "Michigan \n", "children": [{"name": "100652", "size": 500}]}, {"name": "Minnesota \n", "children": [{"name": "100399", "size": 500}]}, {"name": "Missouri \n", "children": [{"name": "101068", "size": 500}]}, {"name": "Nevada \n", "children": [{"name": "103750", "size": 500}]}, {"name": "New%20Hampshire \n", "children": [{"name": "10081", "size": 500}]}, {"name": "North%20Carolina \n", "children": [{"name": "100004", "size": 500}]}, {"name": "Ohio \n", "children": [{"name": "100061", "size": 500}]}, {"name": "Oklahoma \n", "children": [{"name": "100012", "size": 500}]}, {"name": "Oregon \n", "children": [{"name": "100736", "size": 500}]}, {"name": "Pennsylvania\n", "children": [{"name": "100155", "size": 500}]}, {"name": "South%20Carolina \n", "children": [{"name": "100481", "size": 500}]}, {"name": "Tennessee \n", "children": [{"name": "100879", "size": 500}]}, {"name": "Texas \n", "children": [{"name": "100132", "size": 500}]}, {"name": "Virginia \n", "children": [{"name": "101735", "size": 500}]}, {"name": "Washington \n", "children": [{"name": "102333", "size": 500}]}, {"name": "Wisconsin \n", "children": [{"name": "100375", "size": 500}]}]}, {"name": "19", "children": [{"name": "Alabama \n", "children": [{"name": "101036", "size": 500}]}, {"name": "Arizona \n", "children": [{"name": "100284", "size": 500}]}, {"name": "Arkansas \n", "children": [{"name": "103669", "size": 500}]}, {"name": "California \n", "children": [{"name": "100984", "size": 500}]}, {"name": "Colorado \n", "children": [{"name": "100289", "size": 500}]}, {"name": "Florida \n", "children": [{"name": "100253", "size": 500}]}, {"name": "Georgia \n", "children": [{"name": "100283", "size": 500}]}, {"name": "Illinois \n", "children": [{"name": "100200", "size": 500}]}, {"name": "Indiana \n", "children": [{"name": "100680", "size": 500}]}, {"name": "Kansas \n", "children": [{"name": "101150", "size": 500}]}, {"name": "Kentucky \n", "children": [{"name": "103332", "size": 500}]}, {"name": "Michigan \n", "children": [{"name": "100445", "size": 500}]}, {"name": "Minnesota \n", "children": [{"name": "100205", "size": 500}]}, {"name": "Missouri \n", "children": [{"name": "101231", "size": 500}]}, {"name": "Nevada \n", "children": [{"name": "100234", "size": 500}]}, {"name": "New%20Hampshire \n", "children": [{"name": "10082", "size": 500}]}, {"name": "New%20Mexico \n", "children": [{"name": "100063", "size": 500}]}, {"name": "New%20York \n", "children": [{"name": "100249", "size": 500}]}, {"name": "North%20Carolina \n", "children": [{"name": "100601", "size": 500}]}, {"name": "Ohio \n", "children": [{"name": "100617", "size": 500}]}, {"name": "Oklahoma \n", "children": [{"name": "10014", "size": 500}]}, {"name": "Oregon \n", "children": [{"name": "100572", "size": 500}]}, {"name": "Pennsylvania\n", "children": [{"name": "100761", "size": 500}]}, {"name": "South%20Carolina \n", "children": [{"name": "100732", "size": 500}]}, {"name": "Tennessee \n", "children": [{"name": "100996", "size": 500}]}, {"name": "Texas \n", "children": [{"name": "100561", "size": 500}]}, {"name": "Virginia \n", "children": [{"name": "10186", "size": 500}]}, {"name": "Washington \n", "children": [{"name": "100586", "size": 500}]}, {"name": "Wisconsin \n", "children": [{"name": "100562", "size": 500}]}]}, {"name": "20", "children": [{"name": "Alabama \n", "children": [{"name": "101206", "size": 500}]}, {"name": "Arizona \n", "children": [{"name": "100804", "size": 500}]}, {"name": "Arkansas \n", "children": [{"name": "111629", "size": 500}]}, {"name": "California \n", "children": [{"name": "100068", "size": 500}]}, {"name": "Colorado \n", "children": [{"name": "10050", "size": 500}]}, {"name": "Florida \n", "children": [{"name": "101022", "size": 500}]}, {"name": "Georgia \n", "children": [{"name": "103505", "size": 500}]}, {"name": "Illinois \n", "children": [{"name": "103037", "size": 500}]}, {"name": "Indiana \n", "children": [{"name": "100082", "size": 500}]}, {"name": "Kansas \n", "children": [{"name": "100532", "size": 500}]}, {"name": "Kentucky \n", "children": [{"name": "100317", "size": 500}]}, {"name": "Massachusetts \n", "children": [{"name": "100264", "size": 500}]}, {"name": "Michigan \n", "children": [{"name": "100079", "size": 500}]}, {"name": "Minnesota \n", "children": [{"name": "100987", "size": 500}]}, {"name": "Missouri \n", "children": [{"name": "100543", "size": 500}]}, {"name": "Montana\n", "children": [{"name": "102412", "size": 500}]}, {"name": "Nevada \n", "children": [{"name": "10236", "size": 500}]}, {"name": "New%20Hampshire \n", "children": [{"name": "100126", "size": 500}]}, {"name": "North%20Carolina \n", "children": [{"name": "100763", "size": 500}]}, {"name": "Ohio \n", "children": [{"name": "100280", "size": 500}]}, {"name": "Oklahoma \n", "children": [{"name": "100466", "size": 500}]}, {"name": "Oregon \n", "children": [{"name": "10108", "size": 500}]}, {"name": "Pennsylvania\n", "children": [{"name": "10006", "size": 500}]}, {"name": "South%20Carolina \n", "children": [{"name": "101245", "size": 500}]}, {"name": "Tennessee \n", "children": [{"name": "101572", "size": 500}]}, {"name": "Texas \n", "children": [{"name": "100258", "size": 500}]}, {"name": "Virginia \n", "children": [{"name": "100147", "size": 500}]}, {"name": "Washington \n", "children": [{"name": "100015", "size": 500}]}, {"name": "Wisconsin \n", "children": [{"name": "100892", "size": 500}]}]}, {"name": "21", "children": [{"name": "Alabama \n", "children": [{"name": "100433", "size": 500}]}, {"name": "Arizona \n", "children": [{"name": "101103", "size": 500}]}, {"name": "Arkansas \n", "children": [{"name": "106699", "size": 500}]}, {"name": "California \n", "children": [{"name": "100228", "size": 500}]}, {"name": "Colorado \n", "children": [{"name": "100236", "size": 500}]}, {"name": "Florida \n", "children": [{"name": "100009", "size": 500}]}, {"name": "Georgia \n", "children": [{"name": "100341", "size": 500}]}, {"name": "Illinois \n", "children": [{"name": "102832", "size": 500}]}, {"name": "Indiana \n", "children": [{"name": "101711", "size": 500}]}, {"name": "Kansas \n", "children": [{"name": "100955", "size": 500}]}, {"name": "Kentucky \n", "children": [{"name": "100302", "size": 500}]}, {"name": "Michigan \n", "children": [{"name": "102896", "size": 500}]}, {"name": "Minnesota \n", "children": [{"name": "100808", "size": 500}]}, {"name": "Missouri \n", "children": [{"name": "101700", "size": 500}]}, {"name": "Nebraska \n", "children": [{"name": "101043", "size": 500}]}, {"name": "Nevada \n", "children": [{"name": "102009", "size": 500}]}, {"name": "North%20Carolina \n", "children": [{"name": "100020", "size": 500}]}, {"name": "Ohio \n", "children": [{"name": "100210", "size": 500}]}, {"name": "Oklahoma \n", "children": [{"name": "100150", "size": 500}]}, {"name": "Oregon \n", "children": [{"name": "100010", "size": 500}]}, {"name": "Pennsylvania\n", "children": [{"name": "100044", "size": 500}]}, {"name": "South%20Carolina \n", "children": [{"name": "100647", "size": 500}]}, {"name": "Tennessee \n", "children": [{"name": "100117", "size": 500}]}, {"name": "Texas \n", "children": [{"name": "101517", "size": 500}]}, {"name": "Virginia \n", "children": [{"name": "10051", "size": 500}]}, {"name": "Washington \n", "children": [{"name": "100833", "size": 500}]}, {"name": "Wisconsin \n", "children": [{"name": "100254", "size": 500}]}]}, {"name": "22", "children": [{"name": "Alabama \n", "children": [{"name": "101533", "size": 500}]}, {"name": "Arizona \n", "children": [{"name": "100504", "size": 500}]}, {"name": "Arkansas \n", "children": [{"name": "100086", "size": 500}]}, {"name": "California \n", "children": [{"name": "10280", "size": 500}]}, {"name": "Colorado \n", "children": [{"name": "100158", "size": 500}]}, {"name": "Florida \n", "children": [{"name": "1004", "size": 500}]}, {"name": "Georgia \n", "children": [{"name": "104379", "size": 500}]}, {"name": "Illinois \n", "children": [{"name": "101543", "size": 500}]}, {"name": "Indiana \n", "children": [{"name": "100365", "size": 500}]}, {"name": "Kansas \n", "children": [{"name": "100029", "size": 500}]}, {"name": "Kentucky \n", "children": [{"name": "101339", "size": 500}]}, {"name": "Michigan \n", "children": [{"name": "100084", "size": 500}]}, {"name": "Minnesota \n", "children": [{"name": "100906", "size": 500}]}, {"name": "Missouri \n", "children": [{"name": "100891", "size": 500}]}, {"name": "Nevada \n", "children": [{"name": "100100", "size": 500}]}, {"name": "North%20Carolina \n", "children": [{"name": "100171", "size": 500}]}, {"name": "Ohio \n", "children": [{"name": "100054", "size": 500}]}, {"name": "Oklahoma \n", "children": [{"name": "100385", "size": 500}]}, {"name": "Oregon \n", "children": [{"name": "100311", "size": 500}]}, {"name": "Pennsylvania\n", "children": [{"name": "104660", "size": 500}]}, {"name": "South%20Carolina \n", "children": [{"name": "101136", "size": 500}]}, {"name": "Tennessee \n", "children": [{"name": "100437", "size": 500}]}, {"name": "Texas \n", "children": [{"name": "100454", "size": 500}]}, {"name": "Virginia \n", "children": [{"name": "100837", "size": 500}]}, {"name": "Washington \n", "children": [{"name": "100329", "size": 500}]}, {"name": "Wisconsin \n", "children": [{"name": "101568", "size": 500}]}]}, {"name": "23", "children": [{"name": "Alabama \n", "children": [{"name": "100369", "size": 500}]}, {"name": "Arizona \n", "children": [{"name": "100407", "size": 500}]}, {"name": "California \n", "children": [{"name": "100634", "size": 500}]}, {"name": "Colorado \n", "children": [{"name": "100233", "size": 500}]}, {"name": "Florida \n", "children": [{"name": "100565", "size": 500}]}, {"name": "Georgia \n", "children": [{"name": "103336", "size": 500}]}, {"name": "Illinois \n", "children": [{"name": "101815", "size": 500}]}, {"name": "Indiana \n", "children": [{"name": "101091", "size": 500}]}, {"name": "Kansas \n", "children": [{"name": "101404", "size": 500}]}, {"name": "Kentucky \n", "children": [{"name": "102228", "size": 500}]}, {"name": "Michigan \n", "children": [{"name": "102168", "size": 500}]}, {"name": "Minnesota \n", "children": [{"name": "100075", "size": 500}]}, {"name": "Missouri \n", "children": [{"name": "102585", "size": 500}]}, {"name": "Nevada \n", "children": [{"name": "104313", "size": 500}]}, {"name": "North%20Carolina \n", "children": [{"name": "100355", "size": 500}]}, {"name": "Ohio \n", "children": [{"name": "100089", "size": 500}]}, {"name": "Oklahoma \n", "children": [{"name": "100783", "size": 500}]}, {"name": "Oregon \n", "children": [{"name": "10032", "size": 500}]}, {"name": "Pennsylvania\n", "children": [{"name": "101851", "size": 500}]}, {"name": "South%20Carolina \n", "children": [{"name": "101519", "size": 500}]}, {"name": "Tennessee \n", "children": [{"name": "100640", "size": 500}]}, {"name": "Texas \n", "children": [{"name": "102250", "size": 500}]}, {"name": "Virginia \n", "children": [{"name": "101008", "size": 500}]}, {"name": "Washington \n", "children": [{"name": "100342", "size": 500}]}, {"name": "Wisconsin \n", "children": [{"name": "100182", "size": 500}]}]}, {"name": "24", "children": [{"name": "Alabama \n", "children": [{"name": "100251", "size": 500}]}, {"name": "Arizona \n", "children": [{"name": "100281", "size": 500}]}, {"name": "Arkansas \n", "children": [{"name": "100002", "size": 500}]}, {"name": "California \n", "children": [{"name": "100926", "size": 500}]}, {"name": "Colorado \n", "children": [{"name": "100257", "size": 500}]}, {"name": "Florida \n", "children": [{"name": "10116", "size": 500}]}, {"name": "Georgia \n", "children": [{"name": "101606", "size": 500}]}, {"name": "Illinois \n", "children": [{"name": "101062", "size": 500}]}, {"name": "Indiana \n", "children": [{"name": "103137", "size": 500}]}, {"name": "Kansas \n", "children": [{"name": "100016", "size": 500}]}, {"name": "Kentucky \n", "children": [{"name": "100152", "size": 500}]}, {"name": "Michigan \n", "children": [{"name": "101213", "size": 500}]}, {"name": "Minnesota \n", "children": [{"name": "100008", "size": 500}]}, {"name": "Missouri \n", "children": [{"name": "100885", "size": 500}]}, {"name": "North%20Carolina \n", "children": [{"name": "100937", "size": 500}]}, {"name": "Ohio \n", "children": [{"name": "100295", "size": 500}]}, {"name": "Oklahoma \n", "children": [{"name": "100383", "size": 500}]}, {"name": "Oregon \n", "children": [{"name": "101012", "size": 500}]}, {"name": "Pennsylvania\n", "children": [{"name": "101391", "size": 500}]}, {"name": "South%20Carolina \n", "children": [{"name": "100418", "size": 500}]}, {"name": "Tennessee \n", "children": [{"name": "103189", "size": 500}]}, {"name": "Texas \n", "children": [{"name": "100940", "size": 500}]}, {"name": "Virginia \n", "children": [{"name": "10088", "size": 500}]}, {"name": "Washington \n", "children": [{"name": "100626", "size": 500}]}, {"name": "Wisconsin \n", "children": [{"name": "100535", "size": 500}]}]}, {"name": "25", "children": [{"name": "Alabama \n", "children": [{"name": "100563", "size": 500}]}, {"name": "Colorado \n", "children": [{"name": "104607", "size": 500}]}, {"name": "Florida \n", "children": [{"name": "103258", "size": 500}]}, {"name": "Georgia \n", "children": [{"name": "102006", "size": 500}]}, {"name": "Illinois \n", "children": [{"name": "104820", "size": 500}]}, {"name": "Indiana \n", "children": [{"name": "100583", "size": 500}]}, {"name": "Michigan \n", "children": [{"name": "102935", "size": 500}]}, {"name": "Minnesota \n", "children": [{"name": "107497", "size": 500}]}, {"name": "Missouri \n", "children": [{"name": "105121", "size": 500}]}, {"name": "North%20Carolina \n", "children": [{"name": "101734", "size": 500}]}, {"name": "Ohio \n", "children": [{"name": "101521", "size": 500}]}, {"name": "Oklahoma \n", "children": [{"name": "100971", "size": 500}]}, {"name": "Oregon \n", "children": [{"name": "101240", "size": 500}]}, {"name": "Pennsylvania\n", "children": [{"name": "105392", "size": 500}]}, {"name": "South%20Carolina \n", "children": [{"name": "101709", "size": 500}]}, {"name": "Tennessee \n", "children": [{"name": "101257", "size": 500}]}, {"name": "Texas \n", "children": [{"name": "103153", "size": 500}]}, {"name": "Washington \n", "children": [{"name": "101115", "size": 500}]}, {"name": "Wisconsin \n", "children": [{"name": "100404", "size": 500}]}]}, {"name": "26", "children": [{"name": "Alabama \n", "children": [{"name": "104120", "size": 500}]}, {"name": "Arkansas \n", "children": [{"name": "103510", "size": 500}]}, {"name": "California \n", "children": [{"name": "100387", "size": 500}]}, {"name": "Colorado \n", "children": [{"name": "100591", "size": 500}]}, {"name": "Florida \n", "children": [{"name": "100786", "size": 500}]}, {"name": "Georgia \n", "children": [{"name": "100166", "size": 500}]}, {"name": "Illinois \n", "children": [{"name": "100052", "size": 500}]}, {"name": "Indiana \n", "children": [{"name": "10038", "size": 500}]}, {"name": "Kansas \n", "children": [{"name": "1005", "size": 500}]}, {"name": "Kentucky \n", "children": [{"name": "10004", "size": 500}]}, {"name": "Michigan \n", "children": [{"name": "100135", "size": 500}]}, {"name": "Minnesota \n", "children": [{"name": "101248", "size": 500}]}, {"name": "Missouri \n", "children": [{"name": "100175", "size": 500}]}, {"name": "Nevada \n", "children": [{"name": "102589", "size": 500}]}, {"name": "North%20Carolina \n", "children": [{"name": "100142", "size": 500}]}, {"name": "Ohio \n", "children": [{"name": "100013", "size": 500}]}, {"name": "Oklahoma \n", "children": [{"name": "100139", "size": 500}]}, {"name": "Oregon \n", "children": [{"name": "100165", "size": 500}]}, {"name": "Pennsylvania\n", "children": [{"name": "10367", "size": 500}]}, {"name": "South%20Carolina \n", "children": [{"name": "100558", "size": 500}]}, {"name": "Tennessee \n", "children": [{"name": "10103", "size": 500}]}, {"name": "Texas \n", "children": [{"name": "100841", "size": 500}]}, {"name": "Virginia \n", "children": [{"name": "100980", "size": 500}]}, {"name": "Washington \n", "children": [{"name": "100908", "size": 500}]}, {"name": "Wisconsin \n", "children": [{"name": "100180", "size": 500}]}]}, {"name": "27", "children": [{"name": "Alabama \n", "children": [{"name": "102142", "size": 500}]}, {"name": "Arizona \n", "children": [{"name": "10376", "size": 500}]}, {"name": "Arkansas \n", "children": [{"name": "100285", "size": 500}]}, {"name": "California \n", "children": [{"name": "100484", "size": 500}]}, {"name": "Colorado \n", "children": [{"name": "100023", "size": 500}]}, {"name": "Florida \n", "children": [{"name": "102182", "size": 500}]}, {"name": "Georgia \n", "children": [{"name": "100267", "size": 500}]}, {"name": "Illinois \n", "children": [{"name": "100529", "size": 500}]}, {"name": "Indiana \n", "children": [{"name": "102755", "size": 500}]}, {"name": "Kansas \n", "children": [{"name": "103368", "size": 500}]}, {"name": "Kentucky \n", "children": [{"name": "10085", "size": 500}]}, {"name": "Michigan \n", "children": [{"name": "10429", "size": 500}]}, {"name": "Minnesota \n", "children": [{"name": "101433", "size": 500}]}, {"name": "Missouri \n", "children": [{"name": "100461", "size": 500}]}, {"name": "Nevada \n", "children": [{"name": "108315", "size": 500}]}, {"name": "New%20York \n", "children": [{"name": "100576", "size": 500}]}, {"name": "North%20Carolina \n", "children": [{"name": "10171", "size": 500}]}, {"name": "Ohio \n", "children": [{"name": "100509", "size": 500}]}, {"name": "Oklahoma \n", "children": [{"name": "100127", "size": 500}]}, {"name": "Oregon \n", "children": [{"name": "10025", "size": 500}]}, {"name": "Pennsylvania\n", "children": [{"name": "100554", "size": 500}]}, {"name": "South%20Carolina \n", "children": [{"name": "10074", "size": 500}]}, {"name": "Tennessee \n", "children": [{"name": "101265", "size": 500}]}, {"name": "Texas \n", "children": [{"name": "101938", "size": 500}]}, {"name": "Virginia \n", "children": [{"name": "102766", "size": 500}]}, {"name": "Washington \n", "children": [{"name": "100034", "size": 500}]}, {"name": "Wisconsin \n", "children": [{"name": "10030", "size": 500}]}]}, {"name": "28", "children": [{"name": "California \n", "children": [{"name": "102486", "size": 500}]}, {"name": "Colorado \n", "children": [{"name": "100389", "size": 500}]}, {"name": "Florida \n", "children": [{"name": "100851", "size": 500}]}, {"name": "Indiana \n", "children": [{"name": "103559", "size": 500}]}, {"name": "Kansas \n", "children": [{"name": "101641", "size": 500}]}, {"name": "Michigan \n", "children": [{"name": "101581", "size": 500}]}, {"name": "Minnesota \n", "children": [{"name": "100114", "size": 500}]}, {"name": "Missouri \n", "children": [{"name": "1002", "size": 500}]}, {"name": "North%20Carolina \n", "children": [{"name": "100106", "size": 500}]}, {"name": "Ohio \n", "children": [{"name": "100544", "size": 500}]}, {"name": "Oklahoma \n", "children": [{"name": "102440", "size": 500}]}, {"name": "Pennsylvania\n", "children": [{"name": "101805", "size": 500}]}, {"name": "Tennessee \n", "children": [{"name": "102631", "size": 500}]}, {"name": "Texas \n", "children": [{"name": "103539", "size": 500}]}, {"name": "Washington \n", "children": [{"name": "100354", "size": 500}]}, {"name": "Wisconsin \n", "children": [{"name": "100413", "size": 500}]}]}, {"name": "29", "children": [{"name": "Alabama \n", "children": [{"name": "100406", "size": 500}]}, {"name": "California \n", "children": [{"name": "1034", "size": 500}]}, {"name": "Colorado \n", "children": [{"name": "100078", "size": 500}]}, {"name": "Florida \n", "children": [{"name": "100177", "size": 500}]}, {"name": "Georgia \n", "children": [{"name": "101252", "size": 500}]}, {"name": "Illinois \n", "children": [{"name": "102127", "size": 500}]}, {"name": "Indiana \n", "children": [{"name": "102303", "size": 500}]}, {"name": "Kansas \n", "children": [{"name": "100189", "size": 500}]}, {"name": "Michigan \n", "children": [{"name": "101655", "size": 500}]}, {"name": "Minnesota \n", "children": [{"name": "103360", "size": 500}]}, {"name": "Missouri \n", "children": [{"name": "101236", "size": 500}]}, {"name": "North%20Carolina \n", "children": [{"name": "100997", "size": 500}]}, {"name": "Ohio \n", "children": [{"name": "10017", "size": 500}]}, {"name": "Oklahoma \n", "children": [{"name": "100720", "size": 500}]}, {"name": "Oregon \n", "children": [{"name": "101587", "size": 500}]}, {"name": "Pennsylvania\n", "children": [{"name": "100282", "size": 500}]}, {"name": "South%20Carolina \n", "children": [{"name": "102493", "size": 500}]}, {"name": "Tennessee \n", "children": [{"name": "100821", "size": 500}]}, {"name": "Texas \n", "children": [{"name": "103022", "size": 500}]}, {"name": "Virginia \n", "children": [{"name": "100679", "size": 500}]}, {"name": "Washington \n", "children": [{"name": "101185", "size": 500}]}, {"name": "Wisconsin \n", "children": [{"name": "106364", "size": 500}]}]}, {"name": "30", "children": [{"name": "Alabama \n", "children": [{"name": "101436", "size": 500}]}, {"name": "Arizona \n", "children": [{"name": "10403", "size": 500}]}, {"name": "California \n", "children": [{"name": "101498", "size": 500}]}, {"name": "Colorado \n", "children": [{"name": "100469", "size": 500}]}, {"name": "Florida \n", "children": [{"name": "101719", "size": 500}]}, {"name": "Georgia \n", "children": [{"name": "100288", "size": 500}]}, {"name": "Illinois \n", "children": [{"name": "100395", "size": 500}]}, {"name": "Indiana \n", "children": [{"name": "100299", "size": 500}]}, {"name": "Kansas \n", "children": [{"name": "103788", "size": 500}]}, {"name": "Kentucky \n", "children": [{"name": "100737", "size": 500}]}, {"name": "Michigan \n", "children": [{"name": "100022", "size": 500}]}, {"name": "Minnesota \n", "children": [{"name": "100300", "size": 500}]}, {"name": "Missouri \n", "children": [{"name": "100442", "size": 500}]}, {"name": "Nevada \n", "children": [{"name": "102563", "size": 500}]}, {"name": "North%20Carolina \n", "children": [{"name": "100629", "size": 500}]}, {"name": "Ohio \n", "children": [{"name": "101817", "size": 500}]}, {"name": "Oklahoma \n", "children": [{"name": "100221", "size": 500}]}, {"name": "Oregon \n", "children": [{"name": "101100", "size": 500}]}, {"name": "Pennsylvania\n", "children": [{"name": "102457", "size": 500}]}, {"name": "South%20Carolina \n", "children": [{"name": "100812", "size": 500}]}, {"name": "Tennessee \n", "children": [{"name": "100408", "size": 500}]}, {"name": "Texas \n", "children": [{"name": "101324", "size": 500}]}, {"name": "Virginia \n", "children": [{"name": "10097", "size": 500}]}, {"name": "Washington \n", "children": [{"name": "100260", "size": 500}]}, {"name": "Wisconsin \n", "children": [{"name": "104193", "size": 500}]}]}]}