{
  "responseHeader":{
    "status":0,
    "QTime":1,
    "params":{
      "fl":"instruments",
      "indent":"true",
      "q":"instruments:[* TO *]",
      "wt":"json",
      "rows":"1000"}},
  "response":{"numFound":230,"start":0,"docs":[
      {
        "instruments":["Recorders/Loggers",
          "TEMPERATURE LOGGERS"]},
      {
        "instruments":["Spectrometers/Radiometers",
          "MASS SPECTROMETERS",
          "Corers",
          "SEDIMENT CORERS"]},
      {
        "instruments":["Passive Remote Sensing",
          "Spectrometers/Radiometers",
          "Spectroradiometers",
          "SPECTRORADIOMETERS"]},
      {
        "instruments":["Passive Remote Sensing",
          "Spectrometers/Radiometers",
          "Spectrometers",
          "SPECTROMETERS"]},
      {
        "instruments":["Passive Remote Sensing",
          "Spectrometers/Radiometers",
          "Spectrometers",
          "SPECTROMETERS"]},
      {
        "instruments":["Samplers",
          "Bottles/Flasks/Jars",
          "NISKIN BOTTLES"]},
      {
        "instruments":["Current/Wind Meters",
          "CURRENT METERS"]},
      {
        "instruments":["Probes",
          "PROBES"]},
      {
        "instruments":["Photon/Optical Detectors",
          "MICROSCOPES"]},
      {
        "instruments":["Probes",
          "SOIL TEMPERATURE PROBE"]},
      {
        "instruments":["Samplers",
          "Grabbers/Traps/Collectors",
          "SOIL SAMPLER",
          "Conductivity Sensors",
          "CONDUCTIVITY METERS",
          "Chemical Meters/Analyzers",
          "PH METERS"]},
      {
        "instruments":["Probes",
          "PROBES"]},
      {
        "instruments":["Probes",
          "PROBES"]},
      {
        "instruments":["Spectrometers/Radiometers",
          "MASS SPECTROMETERS",
          "Chemical Meters/Analyzers",
          "LICOR GAS EXCHANGE SYSTEM"]},
      {
        "instruments":["Passive Remote Sensing",
          "Photon/Optical Detectors",
          "Cameras",
          "CAMERAS"]},
      {
        "instruments":["Pressure/Height Meters",
          "PRESSURE SENSORS",
          "Pressure/Height Meters",
          "ICE STRESS SENSORS"]},
      {
        "instruments":["Samplers",
          "Bottles/Flasks/Jars",
          "NISKIN BOTTLES"]},
      {
        "instruments":["Temperature/Humidity Sensors",
          "TEMPERATURE SENSORS"]},
      {
        "instruments":["Probes",
          "ELECTRON MICROPROBES",
          "Photon/Optical Detectors",
          "MICROSCOPES"]},
      {
        "instruments":["Passive Remote Sensing",
          "Spectrometers/Radiometers",
          "Spectroradiometers",
          "SPECTRORADIOMETERS"]},
      {
        "instruments":["Probes",
          "SOIL MOISTURE PROBE"]},
      {
        "instruments":["Gauges",
          "BOTTOM PRESSURE GAUGES"]},
      {
        "instruments":["Passive Remote Sensing",
          "Photon/Optical Detectors",
          "Cameras",
          "CAMERAS"]},
      {
        "instruments":["Probes",
          "SOIL MOISTURE PROBE"]},
      {
        "instruments":["Passive Remote Sensing",
          "Spectrometers/Radiometers",
          "Radiometers",
          "RADIOMETERS"]},
      {
        "instruments":["Recorders/Loggers",
          "TEMPERATURE LOGGERS"]},
      {
        "instruments":["Samplers",
          "Bottles/Flasks/Jars",
          "NISKIN BOTTLES"]},
      {
        "instruments":["Temperature/Humidity Sensors",
          "Thermometers",
          "THERMOMETERS"]},
      {
        "instruments":["Passive Remote Sensing",
          "Spectrometers/Radiometers",
          "Spectrometers",
          "SPECTROMETERS",
          "Spectrometers/Radiometers",
          "MASS SPECTROMETERS"]},
      {
        "instruments":["Passive Remote Sensing",
          "Spectrometers/Radiometers",
          "Spectroradiometers",
          "SPECTRORADIOMETERS"]},
      {
        "instruments":["Photon/Optical Detectors",
          "VISUAL OBSERVATIONS"]},
      {
        "instruments":["Corers",
          "CORING DEVICES"]},
      {
        "instruments":["Passive Remote Sensing",
          "Spectrometers/Radiometers",
          "Spectrometers",
          "SPECTROMETERS"]},
      {
        "instruments":["Probes",
          "PROBES"]},
      {
        "instruments":["Probes",
          "SOIL MOISTURE PROBE"]},
      {
        "instruments":["Gauges",
          "STREAM GAUGES",
          "Gauges",
          "WATER LEVEL GAUGES",
          "Pressure/Height Meters",
          "PRESSURE TRANSDUCERS"]},
      {
        "instruments":["Spectrometers/Radiometers",
          "MASS SPECTROMETERS",
          "Samplers",
          "Grabbers/Traps/Collectors",
          "SOIL SAMPLER",
          "Chemical Meters/Analyzers",
          "PH METERS"]},
      {
        "instruments":["Passive Remote Sensing",
          "Spectrometers/Radiometers",
          "Spectroradiometers",
          "SPECTRORADIOMETERS"]},
      {
        "instruments":["Passive Remote Sensing",
          "Photon/Optical Detectors",
          "Cameras",
          "CAMERAS"]},
      {
        "instruments":["Probes",
          "PROBES"]},
      {
        "instruments":["Passive Remote Sensing",
          "Photon/Optical Detectors",
          "Cameras",
          "CAMERAS"]},
      {
        "instruments":["Profilers/Sounders",
          "PROFILERS"]},
      {
        "instruments":["Gauges",
          "STREAM GAUGES",
          "Gauges",
          "WATER LEVEL GAUGES",
          "Pressure/Height Meters",
          "PRESSURE TRANSDUCERS"]},
      {
        "instruments":["Probes",
          "PROBES"]},
      {
        "instruments":["Probes",
          "PROBES"]},
      {
        "instruments":["Temperature/Humidity Sensors",
          "TEMPERATURE SENSORS",
          "Passive Remote Sensing",
          "Spectrometers/Radiometers",
          "Spectroradiometers",
          "SPECTRORADIOMETERS"]},
      {
        "instruments":["Passive Remote Sensing",
          "Spectrometers/Radiometers",
          "Spectrometers",
          "SPECTROMETERS",
          "Spectrometers/Radiometers",
          "MASS SPECTROMETERS"]},
      {
        "instruments":["Temperature/Humidity Sensors",
          "TEMPERATURE SENSORS",
          "Passive Remote Sensing",
          "Spectrometers/Radiometers",
          "Radiometers",
          "RADIOMETERS",
          "Passive Remote Sensing",
          "Spectrometers/Radiometers",
          "Spectroradiometers",
          "SPECTRORADIOMETERS"]},
      {
        "instruments":["Passive Remote Sensing",
          "Spectrometers/Radiometers",
          "Spectrometers",
          "SPECTROMETERS"]},
      {
        "instruments":["Passive Remote Sensing",
          "Spectrometers/Radiometers",
          "Spectrometers",
          "SPECTROMETERS"]},
      {
        "instruments":["Samplers",
          "Trawls/Nets",
          "PLANKTON NETS"]},
      {
        "instruments":["Samplers",
          "Bottles/Flasks/Jars",
          "NISKIN BOTTLES"]},
      {
        "instruments":["Chemical Meters/Analyzers",
          "CO2 ANALYZERS"]},
      {
        "instruments":["Active Remote Sensing",
          "Profilers/Sounders",
          "Radar Sounders",
          "RADAR ECHO SOUNDERS"]},
      {
        "instruments":["Probes",
          "PROBES"]},
      {
        "instruments":["Profilers/Sounders",
          "PROFILERS"]},
      {
        "instruments":["Passive Remote Sensing",
          "Photon/Optical Detectors",
          "Cameras",
          "CAMERAS",
          "Photon/Optical Detectors",
          "MICROSCOPES"]},
      {
        "instruments":["Temperature/Humidity Sensors",
          "Thermometers",
          "THERMOMETERS",
          "Passive Remote Sensing",
          "Profilers/Sounders",
          "TEMPERATURE PROFILERS",
          "Recorders/Loggers",
          "TEMPERATURE LOGGERS",
          "Probes",
          "TEMPERATURE PROBES",
          "Temperature/Humidity Sensors",
          "TEMPERATURE SENSORS"]},
      {
        "instruments":["Probes",
          "SOIL MOISTURE PROBE"]},
      {
        "instruments":["Passive Remote Sensing",
          "Spectrometers/Radiometers",
          "Spectrometers",
          "SPECTROMETERS",
          "Spectrometers/Radiometers",
          "MASS SPECTROMETERS"]},
      {
        "instruments":["Recorders/Loggers",
          "TEMPERATURE LOGGERS",
          "Conductivity Sensors",
          "CONDUCTIVITY METERS"]},
      {
        "instruments":["Passive Remote Sensing",
          "Spectrometers/Radiometers",
          "Spectrometers",
          "SPECTROMETERS"]},
      {
        "instruments":["Temperature/Humidity Sensors",
          "Thermometers",
          "THERMOMETERS",
          "Passive Remote Sensing",
          "Spectrometers/Radiometers",
          "Spectrometers",
          "SPECTROMETERS",
          "Passive Remote Sensing",
          "Spectrometers/Radiometers",
          "Radiometers",
          "RADIOMETERS"]},
      {
        "instruments":["Profilers/Sounders",
          "PROFILERS"]},
      {
        "instruments":["Recorders/Loggers",
          "TEMPERATURE LOGGERS",
          "Conductivity Sensors",
          "CONDUCTIVITY METERS"]},
      {
        "instruments":["Passive Remote Sensing",
          "Spectrometers/Radiometers",
          "Spectroradiometers",
          "SPECTRORADIOMETERS"]},
      {
        "instruments":["Passive Remote Sensing",
          "Photon/Optical Detectors",
          "Cameras",
          "CAMERAS"]},
      {
        "instruments":["Passive Remote Sensing",
          "Spectrometers/Radiometers",
          "Spectrometers",
          "SPECTROMETERS",
          "Conductivity Sensors",
          "CONDUCTIVITY METERS",
          "Chemical Meters/Analyzers",
          "ION CHROMATOGRAPHS"]},
      {
        "instruments":["Recorders/Loggers",
          "TEMPERATURE LOGGERS",
          "Conductivity Sensors",
          "CONDUCTIVITY METERS"]},
      {
        "instruments":["Pressure/Height Meters",
          "SURVEYING TOOLS"]},
      {
        "instruments":["Photon/Optical Detectors",
          "VISUAL OBSERVATIONS"]},
      {
        "instruments":["Temperature/Humidity Sensors",
          "Thermometers",
          "THERMOMETERS",
          "Passive Remote Sensing",
          "Spectrometers/Radiometers",
          "Spectrometers",
          "SPECTROMETERS",
          "Passive Remote Sensing",
          "Spectrometers/Radiometers",
          "Radiometers",
          "RADIOMETERS"]},
      {
        "instruments":["Profilers/Sounders",
          "PROFILERS"]},
      {
        "instruments":["Passive Remote Sensing",
          "Thermal/Radiation Detectors",
          "PYRGEOMETERS",
          "Passive Remote Sensing",
          "Spectrometers/Radiometers",
          "Spectrometers",
          "SPECTROMETERS",
          "Passive Remote Sensing",
          "Thermal/Radiation Detectors",
          "PYRANOMETERS",
          "Temperature/Humidity Sensors",
          "TEMPERATURE SENSORS"]},
      {
        "instruments":["Chemical Meters/Analyzers",
          "CO2 ANALYZERS"]},
      {
        "instruments":["Profilers/Sounders",
          "Acoustic Sounders",
          "HYDROPHONES"]},
      {
        "instruments":["Probes",
          "SOIL DEPTH PROBE"]},
      {
        "instruments":["Spectrometers/Radiometers",
          "MASS SPECTROMETERS"]},
      {
        "instruments":["Chemical Meters/Analyzers",
          "LICOR GAS EXCHANGE SYSTEM"]},
      {
        "instruments":["Probes",
          "SOIL DEPTH PROBE"]},
      {
        "instruments":["Passive Remote Sensing",
          "Photon/Optical Detectors",
          "Cameras",
          "CAMERAS"]},
      {
        "instruments":["Temperature/Humidity Sensors",
          "Thermometers",
          "THERMOMETERS",
          "Passive Remote Sensing",
          "Spectrometers/Radiometers",
          "Spectrometers",
          "SPECTROMETERS",
          "Passive Remote Sensing",
          "Spectrometers/Radiometers",
          "Radiometers",
          "RADIOMETERS"]},
      {
        "instruments":["Passive Remote Sensing",
          "Photon/Optical Detectors",
          "Cameras",
          "CAMERAS"]},
      {
        "instruments":["Chemical Meters/Analyzers",
          "CARBON ANALYZERS",
          "Passive Remote Sensing",
          "Spectrometers/Radiometers",
          "Spectrometers",
          "SPECTROMETERS",
          "Spectrometers/Radiometers",
          "MASS SPECTROMETERS",
          "Chemical Meters/Analyzers",
          "ION CHROMATOGRAPHS"]},
      {
        "instruments":["Pressure/Height Meters",
          "PRESSURE SENSORS",
          "Recorders/Loggers",
          "WELL LOGGING TOOLS"]},
      {
        "instruments":["Profilers/Sounders",
          "PROFILERS"]},
      {
        "instruments":["Corers",
          "CORING DEVICES"]},
      {
        "instruments":["Probes",
          "PROBES"]},
      {
        "instruments":["Spectrometers/Radiometers",
          "MASS SPECTROMETERS",
          "Passive Remote Sensing",
          "Thermal/Radiation Detectors",
          "SPACE RADIATION DOSIMETER"]},
      {
        "instruments":["Spectrometers/Radiometers",
          "COLORIMETERS"]},
      {
        "instruments":["Samplers",
          "Trawls/Nets",
          "BONGO NETS"]},
      {
        "instruments":["Samplers",
          "WET/DRY PRECIPITATION SAMPLERS",
          "Gauges",
          "RAIN GAUGES",
          "Temperature/Humidity Sensors",
          "TEMPERATURE SENSORS"]},
      {
        "instruments":["Passive Remote Sensing",
          "Photon/Optical Detectors",
          "Cameras",
          "CAMERAS"]},
      {
        "instruments":["Probes",
          "PROBES"]},
      {
        "instruments":["Passive Remote Sensing",
          "Photon/Optical Detectors",
          "Cameras",
          "CAMERAS"]},
      {
        "instruments":["Corers",
          "CORING DEVICES"]},
      {
        "instruments":["Temperature/Humidity Sensors",
          "Thermometers",
          "THERMOMETERS",
          "Passive Remote Sensing",
          "Spectrometers/Radiometers",
          "Spectrometers",
          "SPECTROMETERS",
          "Passive Remote Sensing",
          "Spectrometers/Radiometers",
          "Radiometers",
          "RADIOMETERS"]},
      {
        "instruments":["Chemical Meters/Analyzers",
          "Chemical Meters/Analyzers",
          "CO2 ANALYZERS",
          "Chemical Meters/Analyzers",
          "OXYGEN ANALYZERS",
          "Chemical Meters/Analyzers",
          "PH METERS"]},
      {
        "instruments":["Profilers/Sounders",
          "PROFILERS"]},
      {
        "instruments":["Samplers",
          "Trawls/Nets",
          "BONGO NETS"]},
      {
        "instruments":["Profilers/Sounders",
          "PROFILERS"]},
      {
        "instruments":["Probes",
          "PROBES"]},
      {
        "instruments":["Chemical Meters/Analyzers",
          "CO2 ANALYZERS",
          "Corers",
          "CORING DEVICES",
          "Chemical Meters/Analyzers",
          "PH METERS"]},
      {
        "instruments":["Spectrometers/Radiometers",
          "COLORIMETERS"]},
      {
        "instruments":["Probes",
          "PROBES"]},
      {
        "instruments":["Spectrometers/Radiometers",
          "MASS SPECTROMETERS"]},
      {
        "instruments":["Current/Wind Meters",
          "DRIFTING BUOYS"]},
      {
        "instruments":["Samplers",
          "Bottles/Flasks/Jars",
          "WATER BOTTLES"]},
      {
        "instruments":["Profilers/Sounders",
          "PROFILERS"]},
      {
        "instruments":["Profilers/Sounders",
          "PROFILERS"]},
      {
        "instruments":["Passive Remote Sensing",
          "Spectrometers/Radiometers",
          "Spectrometers",
          "SPECTROMETERS"]},
      {
        "instruments":["Passive Remote Sensing",
          "Photon/Optical Detectors",
          "Cameras",
          "CAMERAS"]},
      {
        "instruments":["Probes",
          "PROBES"]},
      {
        "instruments":["Profilers/Sounders",
          "PROFILERS"]},
      {
        "instruments":["Passive Remote Sensing",
          "Photon/Optical Detectors",
          "Cameras",
          "CAMERAS"]},
      {
        "instruments":["Samplers",
          "Bottles/Flasks/Jars",
          "FLASKS"]},
      {
        "instruments":["Profilers/Sounders",
          "PROFILERS"]},
      {
        "instruments":["Passive Remote Sensing",
          "Photon/Optical Detectors",
          "Cameras",
          "CAMERAS"]},
      {
        "instruments":["Pressure/Height Meters",
          "PRESSURE SENSORS",
          "Recorders/Loggers",
          "WELL LOGGING TOOLS"]},
      {
        "instruments":["Profilers/Sounders",
          "PROFILERS"]},
      {
        "instruments":["Passive Remote Sensing",
          "Thermal/Radiation Detectors",
          "PYRGEOMETERS",
          "Passive Remote Sensing",
          "Thermal/Radiation Detectors",
          "PYRANOMETERS",
          "Temperature/Humidity Sensors",
          "TEMPERATURE SENSORS",
          "Passive Remote Sensing",
          "Spectrometers/Radiometers",
          "Spectroradiometers",
          "SPECTRORADIOMETERS"]},
      {
        "instruments":["Recorders/Loggers",
          "TEMPERATURE LOGGERS",
          "Conductivity Sensors",
          "CONDUCTIVITY METERS"]},
      {
        "instruments":["Passive Remote Sensing",
          "Photon/Optical Detectors",
          "Cameras",
          "CAMERAS"]},
      {
        "instruments":["Passive Remote Sensing",
          "Spectrometers/Radiometers",
          "Spectrometers",
          "SPECTROMETERS",
          "Probes",
          "TEMPERATURE PROBES",
          "Conductivity Sensors",
          "CONDUCTIVITY METERS",
          "Chemical Meters/Analyzers",
          "ION CHROMATOGRAPHS"]},
      {
        "instruments":["Passive Remote Sensing",
          "Photon/Optical Detectors",
          "Cameras",
          "CAMERAS"]},
      {
        "instruments":["Passive Remote Sensing",
          "Photon/Optical Detectors",
          "Cameras",
          "CAMERAS"]},
      {
        "instruments":["Temperature/Humidity Sensors",
          "TEMPERATURE SENSORS",
          "Passive Remote Sensing",
          "Spectrometers/Radiometers",
          "Radiometers",
          "RADIOMETERS",
          "Passive Remote Sensing",
          "Spectrometers/Radiometers",
          "Spectroradiometers",
          "SPECTRORADIOMETERS"]},
      {
        "instruments":["Temperature/Humidity Sensors",
          "TEMPERATURE SENSORS"]},
      {
        "instruments":["Chemical Meters/Analyzers",
          "ION CHROMATOGRAPHS"]},
      {
        "instruments":["Corers",
          "SEDIMENT CORERS",
          "Samplers",
          "Grabbers/Traps/Collectors",
          "SOIL SAMPLER"]},
      {
        "instruments":["Passive Remote Sensing",
          "Spectrometers/Radiometers",
          "Spectrometers",
          "SPECTROMETERS",
          "Conductivity Sensors",
          "CONDUCTIVITY METERS",
          "Chemical Meters/Analyzers",
          "ION CHROMATOGRAPHS"]},
      {
        "instruments":["Gauges",
          "STREAM GAUGES",
          "Gauges",
          "WATER LEVEL GAUGES",
          "Pressure/Height Meters",
          "PRESSURE TRANSDUCERS"]},
      {
        "instruments":["Passive Remote Sensing",
          "Photon/Optical Detectors",
          "Cameras",
          "CAMERAS"]},
      {
        "instruments":["Chemical Meters/Analyzers",
          "GAS CHROMATOGRAPHS"]},
      {
        "instruments":["Passive Remote Sensing",
          "Spectrometers/Radiometers",
          "Spectrometers",
          "SPECTROMETERS"]},
      {
        "instruments":["Active Remote Sensing",
          "Profilers/Sounders",
          "Acoustic Sounders",
          "ACOUSTIC SOUNDERS"]},
      {
        "instruments":["Passive Remote Sensing",
          "Spectrometers/Radiometers",
          "Spectrometers",
          "SPECTROMETERS",
          "Conductivity Sensors",
          "CONDUCTIVITY METERS",
          "Chemical Meters/Analyzers",
          "ION CHROMATOGRAPHS"]},
      {
        "instruments":["Corers",
          "ICE AUGERS"]},
      {
        "instruments":["Passive Remote Sensing",
          "Photon/Optical Detectors",
          "Cameras",
          "CAMERAS"]},
      {
        "instruments":["Chemical Meters/Analyzers",
          "LICOR GAS EXCHANGE SYSTEM"]},
      {
        "instruments":["Recorders/Loggers",
          "TEMPERATURE LOGGERS",
          "Conductivity Sensors",
          "CONDUCTIVITY METERS"]},
      {
        "instruments":["Conductivity Sensors",
          "CONDUCTIVITY METERS",
          "Chemical Meters/Analyzers",
          "ION CHROMATOGRAPHS",
          "Photon/Optical Detectors",
          "MICROSCOPES"]},
      {
        "instruments":["Chemical Meters/Analyzers",
          "LICOR GAS EXCHANGE SYSTEM"]},
      {
        "instruments":["Chemical Meters/Analyzers",
          "GAS CHROMATOGRAPHS",
          "Spectrometers/Radiometers",
          "MASS SPECTROMETERS"]},
      {
        "instruments":["Profilers/Sounders",
          "PROFILERS"]},
      {
        "instruments":["Passive Remote Sensing",
          "Spectrometers/Radiometers",
          "Spectrometers",
          "SPECTROMETERS",
          "Spectrometers/Radiometers",
          "MASS SPECTROMETERS"]},
      {
        "instruments":["Samplers",
          "Trawls/Nets",
          "BONGO NETS"]},
      {
        "instruments":["Probes",
          "SOIL DEPTH PROBE"]},
      {
        "instruments":["Profilers/Sounders",
          "PROFILERS"]},
      {
        "instruments":["Samplers"]},
      {
        "instruments":["Passive Remote Sensing",
          "Photon/Optical Detectors",
          "Cameras",
          "CAMERAS"]},
      {
        "instruments":["Recorders/Loggers",
          "TEMPERATURE LOGGERS"]},
      {
        "instruments":["Corers",
          "SEDIMENT CORERS"]},
      {
        "instruments":["Corers",
          "SEDIMENT CORERS",
          "Samplers",
          "Grabbers/Traps/Collectors",
          "SOIL SAMPLER"]},
      {
        "instruments":["Profilers/Sounders",
          "PROFILERS"]},
      {
        "instruments":["Samplers",
          "Bottles/Flasks/Jars",
          "WATER BOTTLES"]},
      {
        "instruments":["Probes",
          "PROBES"]},
      {
        "instruments":["Passive Remote Sensing",
          "Spectrometers/Radiometers",
          "Spectroradiometers",
          "SPECTRORADIOMETERS"]},
      {
        "instruments":["Current/Wind Meters",
          "DRIFTING BUOYS"]},
      {
        "instruments":["Samplers",
          "Trawls/Nets",
          "BONGO NETS"]},
      {
        "instruments":["Chemical Meters/Analyzers",
          "CARBON ANALYZERS",
          "Spectrometers/Radiometers",
          "MASS SPECTROMETERS",
          "Corers",
          "CORING DEVICES"]},
      {
        "instruments":["Probes",
          "PROBES"]},
      {
        "instruments":["Recorders/Loggers",
          "TEMPERATURE LOGGERS",
          "Conductivity Sensors",
          "CONDUCTIVITY METERS"]},
      {
        "instruments":["Passive Remote Sensing",
          "Spectrometers/Radiometers",
          "Spectrometers",
          "SPECTROMETERS",
          "Conductivity Sensors",
          "CONDUCTIVITY METERS",
          "Chemical Meters/Analyzers",
          "ION CHROMATOGRAPHS"]},
      {
        "instruments":["Recorders/Loggers",
          "TEMPERATURE LOGGERS",
          "Conductivity Sensors",
          "CONDUCTIVITY METERS"]},
      {
        "instruments":["Chemical Meters/Analyzers",
          "LICOR GAS EXCHANGE SYSTEM"]},
      {
        "instruments":["Spectrometers/Radiometers",
          "MASS SPECTROMETERS"]},
      {
        "instruments":["Chemical Meters/Analyzers",
          "CARBON ANALYZERS",
          "Passive Remote Sensing",
          "Spectrometers/Radiometers",
          "Spectrometers",
          "SPECTROMETERS",
          "Samplers",
          "Bottles/Flasks/Jars",
          "WATER BOTTLES"]},
      {
        "instruments":["Passive Remote Sensing",
          "Photon/Optical Detectors",
          "Cameras",
          "CAMERAS"]},
      {
        "instruments":["Chemical Meters/Analyzers",
          "GAS CHROMATOGRAPHS"]},
      {
        "instruments":["Profilers/Sounders",
          "PROFILERS"]},
      {
        "instruments":["Probes",
          "PROBES"]},
      {
        "instruments":["Chemical Meters/Analyzers",
          "CO2 ANALYZERS"]},
      {
        "instruments":["Chemical Meters/Analyzers",
          "CARBON ANALYZERS"]},
      {
        "instruments":["Probes",
          "SOIL TEMPERATURE PROBE",
          "Temperature/Humidity Sensors",
          "HUMIDITY SENSORS",
          "Probes",
          "TEMPERATURE PROBES",
          "Gauges",
          "RAIN GAUGES",
          "Current/Wind Meters",
          "WIND VANES",
          "Passive Remote Sensing",
          "Thermal/Radiation Detectors",
          "PYRANOMETERS",
          "Pressure/Height Meters",
          "BAROMETERS"]},
      {
        "instruments":["Passive Remote Sensing",
          "Spectrometers/Radiometers",
          "Spectrometers",
          "SPECTROMETERS",
          "Spectrometers/Radiometers",
          "MASS SPECTROMETERS"]},
      {
        "instruments":["Corers",
          "SEDIMENT CORERS"]},
      {
        "instruments":["Chemical Meters/Analyzers",
          "PHOTOSYNTHESIS CHAMBER",
          "Pressure/Height Meters",
          "BAROMETERS",
          "Temperature/Humidity Sensors",
          "TEMPERATURE SENSORS"]},
      {
        "instruments":["Corers",
          "CORING DEVICES"]},
      {
        "instruments":["Passive Remote Sensing",
          "Thermal/Radiation Detectors",
          "PYRGEOMETERS",
          "Passive Remote Sensing",
          "Thermal/Radiation Detectors",
          "PYRANOMETERS",
          "Temperature/Humidity Sensors",
          "TEMPERATURE SENSORS",
          "Passive Remote Sensing",
          "Spectrometers/Radiometers",
          "Spectroradiometers",
          "SPECTRORADIOMETERS"]},
      {
        "instruments":["Recorders/Loggers",
          "TEMPERATURE LOGGERS",
          "Conductivity Sensors",
          "CONDUCTIVITY METERS"]},
      {
        "instruments":["Passive Remote Sensing",
          "Spectrometers/Radiometers",
          "Spectrometers",
          "SPECTROMETERS"]},
      {
        "instruments":["Probes",
          "SOIL TEMPERATURE PROBE",
          "Radiation Sensors",
          "LICOR QUANTUM SENSOR",
          "Temperature/Humidity Sensors",
          "HUMIDITY SENSORS",
          "Probes",
          "TEMPERATURE PROBES",
          "Gauges",
          "RAIN GAUGES",
          "Probes",
          "SOIL MOISTURE PROBE"]},
      {
        "instruments":["Chemical Meters/Analyzers"]},
      {
        "instruments":["Passive Remote Sensing",
          "Photon/Optical Detectors",
          "Cameras",
          "CAMERAS"]},
      {
        "instruments":["Probes",
          "SOIL DEPTH PROBE"]},
      {
        "instruments":["Profilers/Sounders",
          "PROFILERS"]},
      {
        "instruments":["Probes",
          "PROBES"]},
      {
        "instruments":["Chemical Meters/Analyzers",
          "ION CHROMATOGRAPHS"]},
      {
        "instruments":["Passive Remote Sensing",
          "Spectrometers/Radiometers",
          "Spectrometers",
          "SPECTROMETERS"]},
      {
        "instruments":["Temperature/Humidity Sensors",
          "Thermometers",
          "INFRARED THERMOMETERS",
          "Passive Remote Sensing",
          "Spectrometers/Radiometers",
          "Radiometers",
          "RADIOMETERS"]},
      {
        "instruments":["Recorders/Loggers",
          "TEMPERATURE LOGGERS",
          "Conductivity Sensors",
          "CONDUCTIVITY METERS"]},
      {
        "instruments":["Temperature/Humidity Sensors",
          "Thermometers",
          "INFRARED THERMOMETERS",
          "Passive Remote Sensing",
          "Spectrometers/Radiometers",
          "Radiometers",
          "RADIOMETERS"]},
      {
        "instruments":["Passive Remote Sensing",
          "Spectrometers/Radiometers",
          "Spectrometers",
          "SPECTROMETERS",
          "Conductivity Sensors",
          "CONDUCTIVITY METERS"]},
      {
        "instruments":["Profilers/Sounders",
          "Acoustic Sounders",
          "HYDROPHONES"]},
      {
        "instruments":["Chemical Meters/Analyzers",
          "OXYGEN ANALYZERS"]},
      {
        "instruments":["Profilers/Sounders",
          "PROFILERS"]},
      {
        "instruments":["Gauges",
          "BOTTOM PRESSURE GAUGES"]},
      {
        "instruments":["Spectrometers/Radiometers",
          "MASS SPECTROMETERS"]},
      {
        "instruments":["Corers",
          "CORING DEVICES"]},
      {
        "instruments":["Pressure/Height Meters",
          "PRESSURE SENSORS",
          "Recorders/Loggers",
          "WELL LOGGING TOOLS"]},
      {
        "instruments":["Corers",
          "SEDIMENT CORERS"]},
      {
        "instruments":["Chemical Meters/Analyzers",
          "CARBON ANALYZERS"]},
      {
        "instruments":["Current/Wind Meters",
          "DRIFTING BUOYS"]},
      {
        "instruments":["Probes",
          "SOIL DEPTH PROBE"]},
      {
        "instruments":["Passive Remote Sensing",
          "Photon/Optical Detectors",
          "Cameras",
          "CAMERAS"]},
      {
        "instruments":["Profilers/Sounders",
          "PROFILERS"]},
      {
        "instruments":["Active Remote Sensing",
          "Profilers/Sounders",
          "Radar Sounders",
          "RADAR ECHO SOUNDERS"]},
      {
        "instruments":["Probes",
          "PROBES"]},
      {
        "instruments":["Recorders/Loggers",
          "TEMPERATURE LOGGERS"]},
      {
        "instruments":["Probes",
          "SOIL MOISTURE PROBE"]},
      {
        "instruments":["Passive Remote Sensing",
          "Photon/Optical Detectors",
          "Cameras",
          "CAMERAS"]},
      {
        "instruments":["Photon/Optical Detectors",
          "VISUAL OBSERVATIONS"]},
      {
        "instruments":["Probes",
          "SOIL TEMPERATURE PROBE"]},
      {
        "instruments":["Temperature/Humidity Sensors",
          "Thermometers",
          "THERMOMETERS"]},
      {
        "instruments":["Profilers/Sounders",
          "Acoustic Sounders",
          "UPWARD LOOKING SONAR"]},
      {
        "instruments":["Chemical Meters/Analyzers",
          "GAS CHROMATOGRAPHS"]},
      {
        "instruments":["Samplers",
          "Bottles/Flasks/Jars",
          "NISKIN BOTTLES"]},
      {
        "instruments":["Passive Remote Sensing",
          "Spectrometers/Radiometers",
          "Spectrometers",
          "SPECTROMETERS"]},
      {
        "instruments":["Spectrometers/Radiometers",
          "MASS SPECTROMETERS"]},
      {
        "instruments":["Gauges",
          "STREAM GAUGES",
          "Gauges",
          "WATER LEVEL GAUGES",
          "Pressure/Height Meters",
          "PRESSURE TRANSDUCERS"]},
      {
        "instruments":["Samplers",
          "Grabbers/Traps/Collectors",
          "SOIL SAMPLER"]},
      {
        "instruments":["Chemical Meters/Analyzers",
          "CARBON ANALYZERS",
          "Samplers",
          "Grabbers/Traps/Collectors",
          "SOIL SAMPLER"]},
      {
        "instruments":["Samplers",
          "Bottles/Flasks/Jars",
          "NISKIN BOTTLES"]},
      {
        "instruments":["Passive Remote Sensing",
          "Photon/Optical Detectors",
          "Cameras",
          "CAMERAS"]},
      {
        "instruments":["Passive Remote Sensing",
          "Spectrometers/Radiometers",
          "Spectrometers",
          "SPECTROMETERS"]},
      {
        "instruments":["Recorders/Loggers",
          "TEMPERATURE LOGGERS",
          "Conductivity Sensors",
          "CONDUCTIVITY METERS"]},
      {
        "instruments":["Passive Remote Sensing",
          "Photon/Optical Detectors",
          "Cameras",
          "CAMERAS"]},
      {
        "instruments":["Current/Wind Meters",
          "DRIFTING BUOYS"]},
      {
        "instruments":["Samplers",
          "Bottles/Flasks/Jars",
          "NISKIN BOTTLES"]}]
  }}
