{"nodes":[
{"name":"41.70316,-71.52839,confirmDeleteForm.html","group":1},
{"name":"41.70316,-71.52839,ice_mass_balance_buoy_network_coordination_with_damocles.html","group":6},
{"name":"41.70316,-71.52839,ucar.ncar.eol.dataset.106_282.html","group":7},
{"name":"41.70316,-71.52839,ucar.ncar.eol.dataset.106_288.html","group":3},
{"name":"41.70316,-71.52839,ucar.ncar.eol.dataset.106_257.html","group":2},
{"name":"41.70316,-71.52839,provenance.html","group":7},
{"name":"41.70316,-71.52839,rosetta_data_translation_tool_sandbox_-_a_service_of_acadis.html","group":4},
{"name":"41.70316,-71.52839,ToolikJaz.html","group":7},
{"name":"41.70316,-71.52839,ucar.ncar.eol.dataset.102_003.html","group":7},
{"name":"41.70316,-71.52839,tracking_the_seasonal_contribution_of_algal_fatty_acids_to_the_arctic_marine_system.html","group":6},
{"name":"41.70316,-71.52839,bulkFileUploadForm.html","group":5},
{"name":"41.70316,-71.52839,ucar.ncar.eol.dataset.102_141.html","group":4},
{"name":"41.70316,-71.52839,nceas_phenology_dataset.html","group":7},
{"name":"41.70316,-71.52839,8d270086-8c1c-4bba-a4db-d481f7f5ebda.html","group":2},
{"name":"41.70316,-71.52839,basicFileUploadForm.html","group":3},
{"name":"41.70316,-71.52839,Tunu_N_continuous_reanalysis.html","group":5},
{"name":"41.70316,-71.52839,ucar.ncar.eol.dataset.102_139.html","group":1},
{"name":"41.70316,-71.52839,itex_control_phenology_synthesis_dataset.html","group":4},
{"name":"41.70316,-71.52839,collaborative_research_sonic_logging_the_neem_corehole_greenland.html","group":1},
{"name":"41.70316,-71.52839,north_pole_environmental_observatory__npeo__oceanographic_mooring_data.html","group":6},
{"name":"41.70316,-71.52839,barrow_timeseries_photos_tower.html","group":1},
{"name":"41.70316,-71.52839,file.html","group":5},
{"name":"41.70316,-71.52839,inuvik_field.html","group":7},
{"name":"41.70316,-71.52839,SoilTemperature.html","group":4},
{"name":"41.70316,-71.52839,atqSpectra_2014.html","group":2},
{"name":"41.70316,-71.52839,Imnavait_LoggerData_2013.html","group":5},
{"name":"41.70316,-71.52839,ImnavaitJaz.html","group":2},
{"name":"41.70316,-71.52839,barrow_field_200805.html","group":1},
{"name":"41.70316,-71.52839,Imnavait_Jaz_2013_1.html","group":7},
{"name":"41.70316,-71.52839,BarrowLoggerData2012.html","group":4},
{"name":"41.70316,-71.52839,barrow_field_201011.html","group":7},
{"name":"41.70316,-71.52839,searchOptions.html","group":4},
{"name":"41.70316,-71.52839,Atqasuk_LoggerData_2013.html","group":5},
{"name":"41.70316,-71.52839,200904_imnavait_field.html","group":3},
{"name":"41.70316,-71.52839,barrow_field_200805_photos.html","group":5},
{"name":"41.70316,-71.52839,barrow_airborne_sea_ice_thickness_surveys.html","group":1},
{"name":"41.70316,-71.52839,DeadTrees.html","group":4},
{"name":"41.70316,-71.52839,THU_climate.html","group":2},
{"name":"41.70316,-71.52839,barrow_field_200912_photos.html","group":4},
{"name":"41.70316,-71.52839,barrow_field_201103_snowdepthanddrift_.html","group":2},
{"name":"41.70316,-71.52839,Barrow_LoggerData_2013.html","group":5},
{"name":"41.70316,-71.52839,CWD.html","group":3},
{"name":"41.70316,-71.52839,200802_imnavait_field.html","group":2},
{"name":"41.70316,-71.52839,201004_imnavait_field.html","group":2},
{"name":"41.70316,-71.52839,3-hourly_interpolated_buoy_data.html","group":2},
{"name":"41.70316,-71.52839,barrow_field_201303.html","group":2},
{"name":"41.70316,-71.52839,3-hourly_interpolated_buoy_data_2004.html","group":2},
{"name":"41.70316,-71.52839,oai.html","group":3},
{"name":"41.70316,-71.52839,CanopyCover.html","group":4},
{"name":"41.70316,-71.52839,ImnavaitJaz_1.html","group":1},
{"name":"41.70316,-71.52839,barrow_field_201112.html","group":2},
{"name":"41.70316,-71.52839,project.html","group":2},
{"name":"41.70316,-71.52839,ImnavaitLoggerData2012.html","group":6},
{"name":"41.70316,-71.52839,200811_barrow_field_photos.html","group":2},
{"name":"41.70316,-71.52839,barrow_field_200903_photos.html","group":1},
{"name":"41.70316,-71.52839,barrow_field_200904.html","group":6},
{"name":"41.70316,-71.52839,barrow_timeseries_eswe_sensor.html","group":3},
{"name":"41.70316,-71.52839,predicted_arctic_vegetation_distribution_shifts_under_future_climate_change.html","group":1},
{"name":"41.70316,-71.52839,barrow_field_200905.html","group":5},
{"name":"41.70316,-71.52839,ImnavaitJazData2012_2.html","group":6},
{"name":"41.70316,-71.52839,barrow_field_201101_snowdepthanddrift_.html","group":2},
{"name":"41.70316,-71.52839,ACEX.html","group":3},
{"name":"41.70316,-71.52839,barrow_field_200908.html","group":4},
{"name":"41.70316,-71.52839,collaborative_research_contrasting_under-ice_and_open-water_phytoplankton_blooms_in_the_chukchi_sea.html","group":2},
{"name":"41.70316,-71.52839,barrow_field_201112_snowdepthanddrift_.html","group":2},
{"name":"41.70316,-71.52839,barrow_field_200712.html","group":1},
{"name":"41.70316,-71.52839,contactUs.htm","group":7},
{"name":"41.70316,-71.52839,howToContribute.html","group":1},
{"name":"41.70316,-71.52839,barrow_field_200908_photos_hiemstrabyhelicopter.html","group":6},
{"name":"41.70316,-71.52839,barrow_field_200811.html","group":5},
{"name":"41.70316,-71.52839,barrow_field_200902.html","group":7},
{"name":"41.70316,-71.52839,Master_Results_v6_for_data_repository.html","group":4},
{"name":"41.70316,-71.52839,collaborative_research_-_development_and_innovation_of_the_barrow_area_information_database_baid_a_cyberinfrastructure_that_supports_arctic_science_outreach_and_education.html","group":4},
{"name":"41.70316,-71.52839,barrow_field_200812.html","group":7},
{"name":"41.70316,-71.52839,barrow_field_200803_photos.html","group":5},
{"name":"41.70316,-71.52839,201104_imnavait_field.html","group":3},
{"name":"41.70316,-71.52839,barrow_field_200903.html","group":3},
{"name":"41.70316,-71.52839,aboutUs.htm","group":5},
{"name":"41.70316,-71.52839,barrow_field_201203.html","group":3},
{"name":"41.70316,-71.52839,AtqasukLoggerData2012.html","group":6},
{"name":"41.70316,-71.52839,brwSpectra_2014.html","group":5},
{"name":"41.70316,-71.52839,pan-arctic_regional_data_framework.html","group":3},
{"name":"41.70316,-71.52839,GISP2_laser_ablation_chemistry.html","group":2},
{"name":"41.70316,-71.52839,privacy_policy.htm","group":7},
{"name":"41.70316,-71.52839,imnSpectra_2014.html","group":7},
{"name":"41.70316,-71.52839,brwNIMS_2014.html","group":4},
{"name":"41.70316,-71.52839,atqNIMS_2014.html","group":6},
{"name":"41.70316,-71.52839,statistics_on_data_sets_in_cadis.html","group":6},
{"name":"41.70316,-71.52839,barrow_field_200803.html","group":6},
{"name":"41.70316,-71.52839,barrow_field_201004.html","group":3},
{"name":"41.70316,-71.52839,200712_imnavait_field.html","group":1},
{"name":"41.70316,-71.52839,arctic_sea_ice_mass_balance_observations.html","group":2},
{"name":"41.70316,-71.52839,netcdf-conversions.htm","group":2},
{"name":"41.70316,-71.52839,barrow_field_photos_200804.html","group":4},
{"name":"41.70316,-71.52839,phenology_of_seasons_control_plots.html","group":5},
{"name":"41.70316,-71.52839,ucar.ncar.eol.dataset.102_001.html","group":6},
{"name":"41.70316,-71.52839,ucar.ncar.eol.dataset.102_207.html","group":4},
{"name":"41.70316,-71.52839,ucar.ncar.eol.dataset.106_ARCSS161.html","group":1},
{"name":"41.70316,-71.52839,ucar.ncar.eol.dataset.102_205.html","group":6},
{"name":"41.70316,-71.52839,how_does_changing_seasonality_affect_the_capacity_of_arctic_stream_networks_to_influence_nutrient_fluxes_from_the_landscape_to_the_ocean.html","group":3},
{"name":"41.70316,-71.52839,barrow_field_200912.html","group":5},
{"name":"41.70316,-71.52839,12_hourly_interpolated_surface_air_pressure_from_buoys.html","group":6}

],
"links":[
{"source":54,"target":77,"value":32},
{"source":34,"target":10,"value":9},
{"source":86,"target":56,"value":6},
{"source":72,"target":84,"value":49},
{"source":16,"target":43,"value":48},
{"source":67,"target":51,"value":19},
{"source":77,"target":101,"value":26},
{"source":87,"target":22,"value":19},
{"source":1,"target":46,"value":4},
{"source":69,"target":9,"value":42},
{"source":47,"target":69,"value":19},
{"source":16,"target":15,"value":3},
{"source":2,"target":47,"value":28},
{"source":81,"target":27,"value":14},
{"source":9,"target":55,"value":29},
{"source":81,"target":76,"value":25},
{"source":14,"target":30,"value":29},
{"source":74,"target":77,"value":36},
{"source":45,"target":33,"value":16},
{"source":84,"target":100,"value":26},
{"source":26,"target":49,"value":19},
{"source":8,"target":54,"value":7},
{"source":92,"target":96,"value":37},
{"source":72,"target":58,"value":1},
{"source":95,"target":96,"value":26},
{"source":19,"target":60,"value":26},
{"source":64,"target":80,"value":28},
{"source":49,"target":55,"value":23},
{"source":31,"target":49,"value":41},
{"source":71,"target":83,"value":35},
{"source":49,"target":22,"value":32},
{"source":40,"target":4,"value":46},
{"source":82,"target":13,"value":18},
{"source":46,"target":27,"value":16},
{"source":45,"target":69,"value":30},
{"source":92,"target":100,"value":24},
{"source":51,"target":53,"value":39},
{"source":63,"target":63,"value":22},
{"source":69,"target":2,"value":19},
{"source":67,"target":29,"value":11},
{"source":70,"target":69,"value":7},
{"source":85,"target":40,"value":50},
{"source":17,"target":38,"value":1},
{"source":87,"target":95,"value":23},
{"source":80,"target":6,"value":30},
{"source":21,"target":23,"value":6},
{"source":62,"target":74,"value":41},
{"source":16,"target":3,"value":16},
{"source":42,"target":92,"value":19},
{"source":79,"target":22,"value":43},
{"source":70,"target":30,"value":48},
{"source":63,"target":98,"value":10},
{"source":90,"target":86,"value":14},
{"source":95,"target":84,"value":3},
{"source":17,"target":66,"value":38},
{"source":60,"target":18,"value":25},
{"source":86,"target":76,"value":27},
{"source":38,"target":32,"value":9},
{"source":96,"target":48,"value":49},
{"source":36,"target":68,"value":3},
{"source":84,"target":40,"value":43},
{"source":46,"target":60,"value":38},
{"source":86,"target":18,"value":13},
{"source":86,"target":29,"value":3},
{"source":10,"target":37,"value":48},
{"source":67,"target":91,"value":8},
{"source":35,"target":11,"value":7},
{"source":79,"target":48,"value":13},
{"source":63,"target":32,"value":7},
{"source":42,"target":97,"value":42},
{"source":23,"target":54,"value":17},
{"source":20,"target":2,"value":36},
{"source":45,"target":60,"value":14},
{"source":78,"target":54,"value":37},
{"source":77,"target":59,"value":4},
{"source":29,"target":99,"value":9},
{"source":69,"target":24,"value":24},
{"source":79,"target":54,"value":40},
{"source":61,"target":66,"value":1},
{"source":58,"target":90,"value":43},
{"source":82,"target":76,"value":33},
{"source":25,"target":79,"value":24},
{"source":86,"target":37,"value":46},
{"source":85,"target":10,"value":27},
{"source":28,"target":1,"value":14},
{"source":19,"target":46,"value":25},
{"source":47,"target":22,"value":2},
{"source":32,"target":95,"value":7},
{"source":35,"target":52,"value":30},
{"source":43,"target":87,"value":11},
{"source":85,"target":99,"value":36},
{"source":101,"target":46,"value":18},
{"source":65,"target":99,"value":46},
{"source":22,"target":97,"value":50},
{"source":78,"target":12,"value":35},
{"source":11,"target":49,"value":27},
{"source":99,"target":51,"value":4},
{"source":73,"target":3,"value":35},
{"source":45,"target":56,"value":50},
{"source":91,"target":29,"value":46},
{"source":69,"target":15,"value":41},
{"source":64,"target":14,"value":32},
{"source":3,"target":78,"value":31},
{"source":5,"target":73,"value":14},
{"source":27,"target":22,"value":19},
{"source":9,"target":48,"value":21},
{"source":100,"target":8,"value":31},
{"source":12,"target":30,"value":41},
{"source":29,"target":84,"value":34},
{"source":41,"target":81,"value":8},
{"source":59,"target":4,"value":6},
{"source":78,"target":91,"value":41},
{"source":35,"target":37,"value":17},
{"source":29,"target":15,"value":16},
{"source":10,"target":80,"value":8},
{"source":91,"target":76,"value":40},
{"source":36,"target":43,"value":31},
{"source":70,"target":76,"value":49},
{"source":66,"target":95,"value":47},
{"source":71,"target":34,"value":19},
{"source":61,"target":37,"value":17},
{"source":14,"target":28,"value":43},
{"source":100,"target":97,"value":12},
{"source":48,"target":89,"value":0},
{"source":84,"target":50,"value":5},
{"source":36,"target":12,"value":39},
{"source":52,"target":50,"value":29},
{"source":71,"target":4,"value":24},
{"source":69,"target":86,"value":17},
{"source":37,"target":64,"value":15},
{"source":45,"target":88,"value":23},
{"source":86,"target":100,"value":4},
{"source":42,"target":94,"value":29},
{"source":13,"target":48,"value":7},
{"source":56,"target":77,"value":44},
{"source":11,"target":98,"value":47},
{"source":42,"target":60,"value":39},
{"source":40,"target":68,"value":7},
{"source":33,"target":97,"value":6},
{"source":83,"target":64,"value":42},
{"source":71,"target":34,"value":33},
{"source":61,"target":34,"value":22},
{"source":89,"target":59,"value":2},
{"source":37,"target":40,"value":48},
{"source":39,"target":73,"value":42},
{"source":98,"target":30,"value":40},
{"source":74,"target":97,"value":49},
{"source":12,"target":59,"value":23},
{"source":38,"target":76,"value":7},
{"source":80,"target":46,"value":33}
]}
