{"nodes": [{"group": 1, "name": "151200"}, {"group": 2, "name": "10200"}, {"group": 2, "name": "1"}, {"group": 2, "name": "26200"}, {"group": 2, "name": "161200"}, {"group": 2, "name": "179200"}, {"group": 3, "name": "36200"}, {"group": 3, "name": "108200"}, {"group": 3, "name": "90200"}, {"group": 3, "name": "31200"}, {"group": 3, "name": "157200"}, {"group": 4, "name": "2"}, {"group": 4, "name": "100200"}, {"group": 4, "name": "58200"}, {"group": 4, "name": "27200"}, {"group": 4, "name": "120200"}, {"group": 5, "name": "89200"}, {"group": 6, "name": "166200"}, {"group": 7, "name": "48200"}, {"group": 8, "name": "67200"}, {"group": 8, "name": "150200"}, {"group": 9, "name": "4"}, {"group": 9, "name": "3"}, {"group": 10, "name": "50200"}, {"group": 10, "name": "105200"}, {"group": 10, "name": "165200"}, {"group": 11, "name": "127200"}, {"group": 11, "name": "145200"}, {"group": 11, "name": "96200"}, {"group": 12, "name": "45200"}, {"group": 12, "name": "69200"}, {"group": 12, "name": "131200"}, {"group": 13, "name": "139200"}, {"group": 13, "name": "61200"}, {"group": 13, "name": "107200"}, {"group": 14, "name": "147200"}, {"group": 15, "name": "160200"}, {"group": 15, "name": "39200"}, {"group": 16, "name": "106200"}, {"group": 16, "name": "20200"}, {"group": 16, "name": "138200"}, {"group": 16, "name": "88200"}, {"group": 16, "name": "115200"}, {"group": 17, "name": "110200"}, {"group": 17, "name": "11200"}, {"group": 17, "name": "65200"}, {"group": 18, "name": "170200"}, {"group": 18, "name": "15200"}, {"group": 18, "name": "78200"}, {"group": 19, "name": "1200"}, {"group": 20, "name": "38200"}, {"group": 20, "name": "57200"}, {"group": 21, "name": "91200"}, {"group": 21, "name": "129200"}, {"group": 21, "name": "87200"}, {"group": 22, "name": "7200"}, {"group": 22, "name": "117200"}, {"group": 22, "name": "128200"}, {"group": 22, "name": "77200"}, {"group": 22, "name": "141200"}, {"group": 22, "name": "59200"}, {"group": 22, "name": "99200"}, {"group": 22, "name": "75200"}, {"group": 23, "name": "41200"}, {"group": 24, "name": "167200"}, {"group": 25, "name": "175200"}, {"group": 25, "name": "5"}, {"group": 25, "name": "137200"}, {"group": 25, "name": "85200"}, {"group": 25, "name": "158200"}, {"group": 26, "name": "37200"}, {"group": 26, "name": "60200"}, {"group": 26, "name": "18200"}, {"group": 26, "name": "148200"}, {"group": 26, "name": "159200"}, {"group": 26, "name": "140200"}, {"group": 26, "name": "109200"}, {"group": 27, "name": "168200"}, {"group": 27, "name": "149200"}, {"group": 27, "name": "70200"}, {"group": 28, "name": "171200"}, {"group": 28, "name": "146200"}, {"group": 28, "name": "9200"}, {"group": 28, "name": "135200"}, {"group": 28, "name": "86200"}, {"group": 28, "name": "30200"}, {"group": 29, "name": "46200"}, {"group": 30, "name": "111200"}, {"group": 31, "name": "97200"}, {"group": 31, "name": "95200"}, {"group": 31, "name": "47200"}, {"group": 31, "name": "56200"}, {"group": 31, "name": "125200"}, {"group": 31, "name": "155200"}, {"group": 32, "name": "25200"}, {"group": 32, "name": "16200"}, {"group": 32, "name": "101200"}, {"group": 32, "name": "118200"}, {"group": 32, "name": "119200"}, {"group": 32, "name": "156200"}, {"group": 33, "name": "17200"}, {"group": 33, "name": "55200"}, {"group": 33, "name": "21200"}, {"group": 33, "name": "29200"}], "links": [{"source": 17, "target": 25, "value": 2}, {"source": 15, "target": 62, "value": 2}, {"source": 98, "target": 34, "value": 1}, {"source": 24, "target": 0, "value": 2}, {"source": 77, "target": 83, "value": 1}, {"source": 95, "target": 68, "value": 1}, {"source": 14, "target": 103, "value": 3}, {"source": 24, "target": 9, "value": 4}, {"source": 70, "target": 36, "value": 3}, {"source": 31, "target": 92, "value": 2}, {"source": 41, "target": 91, "value": 4}, {"source": 24, "target": 62, "value": 2}, {"source": 70, "target": 59, "value": 3}, {"source": 31, "target": 34, "value": 2}, {"source": 95, "target": 97, "value": 1}, {"source": 26, "target": 41, "value": 4}, {"source": 70, "target": 100, "value": 2}, {"source": 73, "target": 27, "value": 5}, {"source": 27, "target": 5, "value": 2}, {"source": 101, "target": 90, "value": 3}, {"source": 31, "target": 28, "value": 1}, {"source": 21, "target": 41, "value": 2}, {"source": 59, "target": 16, "value": 4}, {"source": 72, "target": 101, "value": 2}, {"source": 100, "target": 103, "value": 3}, {"source": 65, "target": 31, "value": 4}, {"source": 15, "target": 7, "value": 3}, {"source": 15, "target": 75, "value": 2}, {"source": 21, "target": 96, "value": 2}, {"source": 36, "target": 5, "value": 2}, {"source": 1, "target": 65, "value": 2}, {"source": 56, "target": 60, "value": 1}, {"source": 61, "target": 41, "value": 3}, {"source": 97, "target": 76, "value": 2}, {"source": 72, "target": 92, "value": 3}, {"source": 78, "target": 79, "value": 1}, {"source": 53, "target": 31, "value": 2}, {"source": 65, "target": 15, "value": 3}, {"source": 37, "target": 5, "value": 2}, {"source": 79, "target": 93, "value": 2}, {"source": 26, "target": 61, "value": 2}, {"source": 49, "target": 98, "value": 2}, {"source": 67, "target": 15, "value": 1}, {"source": 58, "target": 5, "value": 4}, {"source": 2, "target": 75, "value": 3}, {"source": 2, "target": 31, "value": 1}, {"source": 102, "target": 5, "value": 2}, {"source": 24, "target": 91, "value": 4}, {"source": 2, "target": 15, "value": 1}, {"source": 70, "target": 71, "value": 1}, {"source": 1, "target": 77, "value": 1}, {"source": 1, "target": 72, "value": 4}, {"source": 17, "target": 40, "value": 3}, {"source": 23, "target": 24, "value": 1}, {"source": 11, "target": 28, "value": 4}, {"source": 0, "target": 51, "value": 3}, {"source": 90, "target": 93, "value": 5}, {"source": 22, "target": 27, "value": 5}, {"source": 21, "target": 67, "value": 2}, {"source": 33, "target": 61, "value": 2}, {"source": 70, "target": 63, "value": 3}, {"source": 77, "target": 79, "value": 3}, {"source": 21, "target": 0, "value": 2}, {"source": 94, "target": 97, "value": 3}, {"source": 65, "target": 53, "value": 2}, {"source": 18, "target": 69, "value": 3}, {"source": 0, "target": 58, "value": 2}, {"source": 39, "target": 9, "value": 2}, {"source": 51, "target": 61, "value": 3}, {"source": 94, "target": 18, "value": 2}, {"source": 96, "target": 28, "value": 1}, {"source": 72, "target": 65, "value": 2}, {"source": 25, "target": 68, "value": 2}, {"source": 102, "target": 37, "value": 4}, {"source": 77, "target": 90, "value": 1}, {"source": 56, "target": 61, "value": 1}, {"source": 92, "target": 79, "value": 1}, {"source": 33, "target": 92, "value": 3}, {"source": 7, "target": 92, "value": 2}, {"source": 33, "target": 25, "value": 2}, {"source": 100, "target": 25, "value": 1}, {"source": 92, "target": 34, "value": 4}, {"source": 83, "target": 92, "value": 2}, {"source": 102, "target": 76, "value": 3}, {"source": 73, "target": 97, "value": 2}, {"source": 11, "target": 17, "value": 1}, {"source": 77, "target": 17, "value": 1}, {"source": 40, "target": 34, "value": 2}, {"source": 100, "target": 18, "value": 2}, {"source": 18, "target": 36, "value": 2}, {"source": 0, "target": 40, "value": 3}, {"source": 7, "target": 41, "value": 5}, {"source": 77, "target": 62, "value": 1}, {"source": 77, "target": 0, "value": 1}, {"source": 9, "target": 79, "value": 2}, {"source": 22, "target": 36, "value": 2}, {"source": 83, "target": 91, "value": 3}, {"source": 16, "target": 76, "value": 2}, {"source": 1, "target": 44, "value": 2}, {"source": 22, "target": 16, "value": 2}, {"source": 24, "target": 34, "value": 2}, {"source": 96, "target": 93, "value": 2}, {"source": 24, "target": 75, "value": 1}, {"source": 26, "target": 25, "value": 2}, {"source": 61, "target": 92, "value": 2}, {"source": 96, "target": 2, "value": 1}, {"source": 70, "target": 72, "value": 1}, {"source": 94, "target": 59, "value": 2}, {"source": 12, "target": 13, "value": 1}, {"source": 46, "target": 65, "value": 3}, {"source": 2, "target": 92, "value": 1}, {"source": 11, "target": 77, "value": 2}, {"source": 37, "target": 54, "value": 1}, {"source": 17, "target": 41, "value": 4}, {"source": 77, "target": 31, "value": 1}, {"source": 21, "target": 90, "value": 2}, {"source": 63, "target": 76, "value": 2}, {"source": 27, "target": 16, "value": 2}, {"source": 58, "target": 97, "value": 3}, {"source": 7, "target": 79, "value": 1}, {"source": 58, "target": 73, "value": 2}, {"source": 73, "target": 5, "value": 2}, {"source": 21, "target": 15, "value": 2}, {"source": 72, "target": 68, "value": 2}, {"source": 77, "target": 78, "value": 1}, {"source": 72, "target": 26, "value": 2}, {"source": 49, "target": 36, "value": 2}, {"source": 68, "target": 61, "value": 3}, {"source": 17, "target": 83, "value": 3}, {"source": 5, "target": 34, "value": 1}, {"source": 95, "target": 101, "value": 2}, {"source": 14, "target": 97, "value": 3}, {"source": 44, "target": 28, "value": 3}, {"source": 52, "target": 97, "value": 3}, {"source": 24, "target": 33, "value": 2}, {"source": 51, "target": 34, "value": 2}, {"source": 65, "target": 79, "value": 1}, {"source": 11, "target": 101, "value": 1}, {"source": 91, "target": 93, "value": 4}, {"source": 32, "target": 34, "value": 1}, {"source": 26, "target": 75, "value": 1}, {"source": 72, "target": 34, "value": 4}, {"source": 33, "target": 15, "value": 2}, {"source": 21, "target": 39, "value": 4}, {"source": 77, "target": 68, "value": 1}, {"source": 55, "target": 62, "value": 1}, {"source": 1, "target": 2, "value": 2}, {"source": 1, "target": 62, "value": 4}, {"source": 51, "target": 9, "value": 2}, {"source": 22, "target": 69, "value": 2}, {"source": 82, "target": 85, "value": 1}, {"source": 11, "target": 75, "value": 2}, {"source": 25, "target": 9, "value": 2}, {"source": 0, "target": 95, "value": 2}, {"source": 95, "target": 62, "value": 1}, {"source": 83, "target": 41, "value": 4}, {"source": 47, "target": 48, "value": 1}, {"source": 58, "target": 49, "value": 3}, {"source": 51, "target": 68, "value": 4}, {"source": 21, "target": 7, "value": 2}, {"source": 75, "target": 34, "value": 1}, {"source": 92, "target": 5, "value": 1}, {"source": 24, "target": 79, "value": 1}, {"source": 18, "target": 103, "value": 4}, {"source": 46, "target": 25, "value": 3}, {"source": 8, "target": 54, "value": 4}, {"source": 95, "target": 9, "value": 2}, {"source": 83, "target": 31, "value": 3}, {"source": 51, "target": 79, "value": 2}, {"source": 21, "target": 9, "value": 2}, {"source": 26, "target": 7, "value": 4}, {"source": 33, "target": 0, "value": 2}, {"source": 24, "target": 67, "value": 1}, {"source": 83, "target": 90, "value": 2}, {"source": 58, "target": 37, "value": 2}, {"source": 65, "target": 67, "value": 2}, {"source": 40, "target": 7, "value": 3}, {"source": 69, "target": 63, "value": 2}, {"source": 101, "target": 67, "value": 1}, {"source": 75, "target": 79, "value": 3}, {"source": 0, "target": 98, "value": 1}, {"source": 68, "target": 79, "value": 2}, {"source": 33, "target": 17, "value": 2}, {"source": 17, "target": 101, "value": 3}, {"source": 29, "target": 31, "value": 1}, {"source": 101, "target": 93, "value": 3}, {"source": 27, "target": 98, "value": 4}, {"source": 23, "target": 25, "value": 1}, {"source": 46, "target": 61, "value": 2}, {"source": 6, "target": 54, "value": 5}, {"source": 25, "target": 31, "value": 2}, {"source": 94, "target": 14, "value": 2}, {"source": 81, "target": 85, "value": 1}, {"source": 83, "target": 79, "value": 1}, {"source": 39, "target": 15, "value": 2}, {"source": 58, "target": 27, "value": 2}, {"source": 21, "target": 68, "value": 3}, {"source": 94, "target": 96, "value": 1}, {"source": 83, "target": 7, "value": 4}, {"source": 101, "target": 91, "value": 3}, {"source": 46, "target": 101, "value": 3}, {"source": 77, "target": 51, "value": 1}, {"source": 83, "target": 53, "value": 2}, {"source": 51, "target": 46, "value": 2}, {"source": 95, "target": 98, "value": 1}, {"source": 100, "target": 101, "value": 1}, {"source": 25, "target": 62, "value": 2}, {"source": 65, "target": 7, "value": 5}, {"source": 101, "target": 75, "value": 2}, {"source": 33, "target": 67, "value": 2}, {"source": 68, "target": 15, "value": 2}, {"source": 0, "target": 7, "value": 2}, {"source": 53, "target": 92, "value": 3}, {"source": 62, "target": 53, "value": 3}, {"source": 26, "target": 34, "value": 2}, {"source": 97, "target": 49, "value": 3}, {"source": 7, "target": 34, "value": 2}, {"source": 40, "target": 15, "value": 3}, {"source": 2, "target": 7, "value": 1}, {"source": 66, "target": 67, "value": 1}, {"source": 40, "target": 28, "value": 2}, {"source": 102, "target": 69, "value": 3}, {"source": 59, "target": 18, "value": 3}, {"source": 8, "target": 9, "value": 1}, {"source": 91, "target": 79, "value": 1}, {"source": 11, "target": 95, "value": 2}, {"source": 90, "target": 91, "value": 4}, {"source": 75, "target": 9, "value": 2}, {"source": 1, "target": 21, "value": 4}, {"source": 15, "target": 9, "value": 3}, {"source": 7, "target": 62, "value": 2}, {"source": 89, "target": 92, "value": 1}, {"source": 96, "target": 99, "value": 1}, {"source": 77, "target": 95, "value": 3}, {"source": 101, "target": 34, "value": 2}, {"source": 68, "target": 31, "value": 2}, {"source": 83, "target": 9, "value": 3}, {"source": 1, "target": 17, "value": 2}, {"source": 44, "target": 41, "value": 1}, {"source": 46, "target": 75, "value": 1}, {"source": 24, "target": 51, "value": 2}, {"source": 55, "target": 58, "value": 1}, {"source": 61, "target": 28, "value": 3}, {"source": 40, "target": 79, "value": 2}, {"source": 101, "target": 102, "value": 1}, {"source": 7, "target": 75, "value": 1}, {"source": 2, "target": 67, "value": 1}, {"source": 101, "target": 83, "value": 2}, {"source": 98, "target": 5, "value": 3}, {"source": 58, "target": 102, "value": 2}, {"source": 68, "target": 34, "value": 2}, {"source": 22, "target": 37, "value": 2}, {"source": 88, "target": 89, "value": 1}, {"source": 0, "target": 96, "value": 2}, {"source": 21, "target": 61, "value": 2}, {"source": 24, "target": 96, "value": 3}, {"source": 24, "target": 2, "value": 1}, {"source": 14, "target": 59, "value": 4}, {"source": 11, "target": 21, "value": 1}, {"source": 100, "target": 97, "value": 2}, {"source": 102, "target": 63, "value": 3}, {"source": 11, "target": 2, "value": 4}, {"source": 15, "target": 41, "value": 3}, {"source": 95, "target": 65, "value": 1}, {"source": 33, "target": 90, "value": 2}, {"source": 59, "target": 36, "value": 2}, {"source": 25, "target": 53, "value": 2}, {"source": 39, "target": 61, "value": 2}, {"source": 46, "target": 90, "value": 2}, {"source": 24, "target": 83, "value": 3}, {"source": 9, "target": 92, "value": 2}, {"source": 24, "target": 41, "value": 4}, {"source": 15, "target": 92, "value": 2}, {"source": 100, "target": 73, "value": 4}, {"source": 101, "target": 68, "value": 2}, {"source": 67, "target": 34, "value": 2}, {"source": 52, "target": 100, "value": 2}, {"source": 40, "target": 62, "value": 2}, {"source": 52, "target": 36, "value": 2}, {"source": 95, "target": 79, "value": 3}, {"source": 88, "target": 91, "value": 1}, {"source": 33, "target": 53, "value": 3}, {"source": 59, "target": 73, "value": 2}, {"source": 67, "target": 75, "value": 1}, {"source": 81, "target": 82, "value": 1}, {"source": 33, "target": 34, "value": 5}, {"source": 59, "target": 37, "value": 2}, {"source": 22, "target": 102, "value": 2}, {"source": 58, "target": 36, "value": 2}, {"source": 96, "target": 62, "value": 2}, {"source": 11, "target": 93, "value": 2}, {"source": 7, "target": 8, "value": 1}, {"source": 0, "target": 15, "value": 2}, {"source": 95, "target": 99, "value": 1}, {"source": 52, "target": 58, "value": 3}, {"source": 58, "target": 62, "value": 1}, {"source": 25, "target": 15, "value": 3}, {"source": 17, "target": 28, "value": 1}, {"source": 33, "target": 2, "value": 1}, {"source": 65, "target": 34, "value": 2}, {"source": 59, "target": 103, "value": 3}, {"source": 70, "target": 97, "value": 3}, {"source": 53, "target": 34, "value": 3}, {"source": 24, "target": 17, "value": 4}, {"source": 44, "target": 93, "value": 2}, {"source": 0, "target": 92, "value": 3}, {"source": 11, "target": 13, "value": 1}, {"source": 0, "target": 25, "value": 3}, {"source": 2, "target": 90, "value": 2}, {"source": 57, "target": 59, "value": 1}, {"source": 70, "target": 22, "value": 2}, {"source": 91, "target": 92, "value": 3}, {"source": 62, "target": 93, "value": 2}, {"source": 53, "target": 93, "value": 2}, {"source": 44, "target": 79, "value": 3}, {"source": 52, "target": 73, "value": 2}, {"source": 59, "target": 62, "value": 1}, {"source": 68, "target": 53, "value": 2}, {"source": 96, "target": 17, "value": 3}, {"source": 21, "target": 25, "value": 2}, {"source": 100, "target": 49, "value": 2}, {"source": 21, "target": 91, "value": 2}, {"source": 51, "target": 41, "value": 2}, {"source": 90, "target": 31, "value": 3}, {"source": 70, "target": 94, "value": 2}, {"source": 21, "target": 40, "value": 2}, {"source": 95, "target": 51, "value": 1}, {"source": 21, "target": 62, "value": 4}, {"source": 11, "target": 31, "value": 1}, {"source": 52, "target": 18, "value": 3}, {"source": 72, "target": 93, "value": 2}, {"source": 39, "target": 67, "value": 2}, {"source": 21, "target": 46, "value": 2}, {"source": 49, "target": 103, "value": 4}, {"source": 26, "target": 53, "value": 2}, {"source": 73, "target": 75, "value": 1}, {"source": 26, "target": 90, "value": 2}, {"source": 96, "target": 61, "value": 2}, {"source": 65, "target": 9, "value": 4}, {"source": 11, "target": 7, "value": 1}, {"source": 58, "target": 79, "value": 1}, {"source": 33, "target": 83, "value": 3}, {"source": 70, "target": 103, "value": 3}, {"source": 0, "target": 93, "value": 3}, {"source": 62, "target": 9, "value": 2}, {"source": 67, "target": 41, "value": 1}, {"source": 96, "target": 25, "value": 3}, {"source": 51, "target": 92, "value": 2}, {"source": 83, "target": 62, "value": 3}, {"source": 96, "target": 41, "value": 3}, {"source": 24, "target": 46, "value": 3}, {"source": 46, "target": 41, "value": 3}, {"source": 100, "target": 63, "value": 2}, {"source": 103, "target": 37, "value": 2}, {"source": 96, "target": 75, "value": 1}, {"source": 65, "target": 39, "value": 2}, {"source": 103, "target": 36, "value": 2}, {"source": 0, "target": 44, "value": 2}, {"source": 97, "target": 27, "value": 2}, {"source": 38, "target": 41, "value": 1}, {"source": 102, "target": 18, "value": 2}, {"source": 51, "target": 26, "value": 2}, {"source": 2, "target": 79, "value": 5}, {"source": 25, "target": 58, "value": 1}, {"source": 41, "target": 79, "value": 1}, {"source": 100, "target": 36, "value": 2}, {"source": 102, "target": 73, "value": 2}, {"source": 21, "target": 24, "value": 3}, {"source": 80, "target": 81, "value": 1}, {"source": 95, "target": 15, "value": 2}, {"source": 90, "target": 75, "value": 1}, {"source": 94, "target": 69, "value": 3}, {"source": 94, "target": 22, "value": 2}, {"source": 95, "target": 31, "value": 1}, {"source": 18, "target": 16, "value": 3}, {"source": 67, "target": 28, "value": 2}, {"source": 65, "target": 101, "value": 3}, {"source": 74, "target": 76, "value": 1}, {"source": 72, "target": 79, "value": 1}, {"source": 24, "target": 61, "value": 3}, {"source": 75, "target": 92, "value": 1}, {"source": 1, "target": 83, "value": 3}, {"source": 83, "target": 25, "value": 2}, {"source": 94, "target": 16, "value": 2}, {"source": 41, "target": 92, "value": 2}, {"source": 77, "target": 101, "value": 3}, {"source": 14, "target": 15, "value": 1}, {"source": 101, "target": 28, "value": 1}, {"source": 26, "target": 27, "value": 1}, {"source": 1, "target": 39, "value": 4}, {"source": 96, "target": 65, "value": 3}, {"source": 90, "target": 40, "value": 4}, {"source": 33, "target": 91, "value": 2}, {"source": 46, "target": 93, "value": 2}, {"source": 26, "target": 68, "value": 2}, {"source": 96, "target": 40, "value": 2}, {"source": 1, "target": 53, "value": 3}, {"source": 72, "target": 2, "value": 1}, {"source": 44, "target": 45, "value": 1}, {"source": 101, "target": 7, "value": 3}, {"source": 95, "target": 34, "value": 1}, {"source": 44, "target": 90, "value": 2}, {"source": 70, "target": 16, "value": 3}, {"source": 7, "target": 91, "value": 4}, {"source": 58, "target": 98, "value": 3}, {"source": 51, "target": 91, "value": 2}, {"source": 44, "target": 101, "value": 1}, {"source": 7, "target": 53, "value": 2}, {"source": 11, "target": 9, "value": 1}, {"source": 16, "target": 103, "value": 3}, {"source": 56, "target": 62, "value": 1}, {"source": 24, "target": 40, "value": 3}, {"source": 52, "target": 103, "value": 3}, {"source": 96, "target": 39, "value": 2}, {"source": 83, "target": 85, "value": 1}, {"source": 33, "target": 77, "value": 1}, {"source": 72, "target": 9, "value": 2}, {"source": 94, "target": 76, "value": 3}, {"source": 8, "target": 10, "value": 1}, {"source": 90, "target": 15, "value": 3}, {"source": 52, "target": 22, "value": 2}, {"source": 17, "target": 39, "value": 2}, {"source": 51, "target": 53, "value": 2}, {"source": 14, "target": 5, "value": 3}, {"source": 44, "target": 67, "value": 1}, {"source": 101, "target": 39, "value": 2}, {"source": 11, "target": 46, "value": 1}, {"source": 80, "target": 82, "value": 1}, {"source": 72, "target": 67, "value": 2}, {"source": 77, "target": 93, "value": 1}, {"source": 77, "target": 65, "value": 1}, {"source": 59, "target": 63, "value": 3}, {"source": 0, "target": 41, "value": 2}, {"source": 24, "target": 93, "value": 3}, {"source": 73, "target": 98, "value": 4}, {"source": 84, "target": 85, "value": 1}, {"source": 26, "target": 92, "value": 2}, {"source": 39, "target": 34, "value": 3}, {"source": 2, "target": 61, "value": 2}, {"source": 96, "target": 91, "value": 3}, {"source": 26, "target": 31, "value": 3}, {"source": 21, "target": 101, "value": 2}, {"source": 38, "target": 39, "value": 1}, {"source": 24, "target": 53, "value": 2}, {"source": 17, "target": 91, "value": 4}, {"source": 97, "target": 37, "value": 2}, {"source": 40, "target": 42, "value": 1}, {"source": 77, "target": 34, "value": 1}, {"source": 40, "target": 53, "value": 2}, {"source": 69, "target": 5, "value": 2}, {"source": 25, "target": 34, "value": 3}, {"source": 101, "target": 40, "value": 3}, {"source": 65, "target": 66, "value": 1}, {"source": 46, "target": 53, "value": 3}, {"source": 72, "target": 41, "value": 2}, {"source": 68, "target": 92, "value": 2}, {"source": 53, "target": 28, "value": 2}, {"source": 24, "target": 90, "value": 3}, {"source": 94, "target": 36, "value": 3}, {"source": 65, "target": 62, "value": 2}, {"source": 68, "target": 90, "value": 3}, {"source": 24, "target": 92, "value": 2}, {"source": 30, "target": 31, "value": 1}, {"source": 51, "target": 7, "value": 2}, {"source": 39, "target": 40, "value": 3}, {"source": 21, "target": 33, "value": 4}, {"source": 97, "target": 69, "value": 2}, {"source": 0, "target": 68, "value": 3}, {"source": 26, "target": 67, "value": 1}, {"source": 21, "target": 31, "value": 3}, {"source": 16, "target": 36, "value": 2}, {"source": 43, "target": 45, "value": 1}, {"source": 15, "target": 53, "value": 2}, {"source": 67, "target": 53, "value": 2}, {"source": 24, "target": 15, "value": 3}, {"source": 69, "target": 37, "value": 3}, {"source": 72, "target": 46, "value": 2}, {"source": 15, "target": 34, "value": 2}, {"source": 100, "target": 27, "value": 4}, {"source": 101, "target": 41, "value": 3}, {"source": 100, "target": 102, "value": 3}, {"source": 33, "target": 68, "value": 3}, {"source": 51, "target": 67, "value": 1}, {"source": 89, "target": 93, "value": 1}, {"source": 94, "target": 100, "value": 2}, {"source": 83, "target": 93, "value": 2}, {"source": 0, "target": 26, "value": 2}, {"source": 58, "target": 92, "value": 1}, {"source": 65, "target": 28, "value": 1}, {"source": 49, "target": 69, "value": 3}, {"source": 100, "target": 69, "value": 2}, {"source": 14, "target": 69, "value": 2}, {"source": 94, "target": 52, "value": 2}, {"source": 51, "target": 101, "value": 2}, {"source": 65, "target": 92, "value": 2}, {"source": 0, "target": 39, "value": 2}, {"source": 75, "target": 93, "value": 1}, {"source": 102, "target": 16, "value": 2}, {"source": 31, "target": 93, "value": 3}, {"source": 46, "target": 7, "value": 3}, {"source": 31, "target": 79, "value": 1}, {"source": 2, "target": 101, "value": 1}, {"source": 36, "target": 54, "value": 1}, {"source": 33, "target": 101, "value": 2}, {"source": 70, "target": 5, "value": 3}, {"source": 68, "target": 9, "value": 2}, {"source": 17, "target": 68, "value": 2}, {"source": 97, "target": 36, "value": 2}, {"source": 50, "target": 51, "value": 1}, {"source": 95, "target": 40, "value": 1}, {"source": 3, "target": 4, "value": 1}, {"source": 77, "target": 67, "value": 1}, {"source": 59, "target": 76, "value": 2}, {"source": 102, "target": 98, "value": 2}, {"source": 70, "target": 58, "value": 3}, {"source": 71, "target": 76, "value": 1}, {"source": 18, "target": 37, "value": 2}, {"source": 68, "target": 7, "value": 2}, {"source": 26, "target": 62, "value": 2}, {"source": 95, "target": 92, "value": 1}, {"source": 51, "target": 40, "value": 3}, {"source": 60, "target": 62, "value": 1}, {"source": 7, "target": 10, "value": 1}, {"source": 46, "target": 48, "value": 1}, {"source": 72, "target": 39, "value": 3}, {"source": 100, "target": 92, "value": 1}, {"source": 44, "target": 7, "value": 1}, {"source": 12, "target": 14, "value": 1}, {"source": 82, "target": 83, "value": 1}, {"source": 2, "target": 5, "value": 1}, {"source": 82, "target": 84, "value": 1}, {"source": 102, "target": 59, "value": 2}, {"source": 59, "target": 97, "value": 3}, {"source": 94, "target": 49, "value": 2}, {"source": 65, "target": 93, "value": 3}, {"source": 57, "target": 61, "value": 1}, {"source": 25, "target": 39, "value": 2}, {"source": 75, "target": 31, "value": 1}, {"source": 73, "target": 103, "value": 2}, {"source": 58, "target": 18, "value": 3}, {"source": 76, "target": 36, "value": 3}, {"source": 0, "target": 53, "value": 2}, {"source": 95, "target": 44, "value": 3}, {"source": 0, "target": 91, "value": 2}, {"source": 90, "target": 61, "value": 4}, {"source": 22, "target": 73, "value": 5}, {"source": 2, "target": 93, "value": 2}, {"source": 67, "target": 79, "value": 1}, {"source": 1, "target": 93, "value": 2}, {"source": 73, "target": 74, "value": 1}, {"source": 11, "target": 68, "value": 2}, {"source": 14, "target": 27, "value": 2}, {"source": 90, "target": 79, "value": 2}, {"source": 72, "target": 44, "value": 2}, {"source": 94, "target": 95, "value": 1}, {"source": 25, "target": 67, "value": 1}, {"source": 52, "target": 5, "value": 3}, {"source": 61, "target": 91, "value": 3}, {"source": 77, "target": 92, "value": 1}, {"source": 0, "target": 17, "value": 3}, {"source": 25, "target": 98, "value": 1}, {"source": 52, "target": 76, "value": 2}, {"source": 0, "target": 61, "value": 3}, {"source": 90, "target": 62, "value": 2}, {"source": 94, "target": 99, "value": 1}, {"source": 103, "target": 5, "value": 3}, {"source": 16, "target": 37, "value": 2}, {"source": 15, "target": 31, "value": 3}, {"source": 33, "target": 9, "value": 2}, {"source": 96, "target": 68, "value": 2}, {"source": 61, "target": 31, "value": 3}, {"source": 9, "target": 93, "value": 3}, {"source": 11, "target": 24, "value": 1}, {"source": 61, "target": 75, "value": 1}, {"source": 27, "target": 18, "value": 2}, {"source": 39, "target": 28, "value": 1}, {"source": 24, "target": 28, "value": 1}, {"source": 101, "target": 92, "value": 2}, {"source": 95, "target": 26, "value": 1}, {"source": 46, "target": 31, "value": 3}, {"source": 73, "target": 16, "value": 2}, {"source": 101, "target": 31, "value": 3}, {"source": 11, "target": 65, "value": 1}, {"source": 72, "target": 31, "value": 2}, {"source": 55, "target": 56, "value": 1}, {"source": 77, "target": 7, "value": 1}, {"source": 14, "target": 98, "value": 2}, {"source": 68, "target": 62, "value": 3}, {"source": 24, "target": 95, "value": 1}, {"source": 98, "target": 103, "value": 2}, {"source": 81, "target": 83, "value": 1}, {"source": 46, "target": 39, "value": 2}, {"source": 25, "target": 40, "value": 2}, {"source": 33, "target": 65, "value": 2}, {"source": 1, "target": 79, "value": 1}, {"source": 51, "target": 17, "value": 2}, {"source": 1, "target": 68, "value": 3}, {"source": 40, "target": 93, "value": 4}, {"source": 70, "target": 52, "value": 3}, {"source": 33, "target": 41, "value": 2}, {"source": 2, "target": 91, "value": 1}, {"source": 25, "target": 79, "value": 1}, {"source": 73, "target": 63, "value": 2}, {"source": 80, "target": 84, "value": 1}, {"source": 44, "target": 91, "value": 1}, {"source": 41, "target": 31, "value": 4}, {"source": 73, "target": 76, "value": 3}, {"source": 77, "target": 41, "value": 1}, {"source": 94, "target": 58, "value": 2}, {"source": 1, "target": 40, "value": 2}, {"source": 0, "target": 79, "value": 3}, {"source": 96, "target": 31, "value": 3}, {"source": 2, "target": 65, "value": 1}, {"source": 12, "target": 15, "value": 1}, {"source": 27, "target": 63, "value": 2}, {"source": 68, "target": 91, "value": 2}, {"source": 14, "target": 37, "value": 2}, {"source": 71, "target": 73, "value": 1}, {"source": 102, "target": 103, "value": 3}, {"source": 52, "target": 49, "value": 3}, {"source": 55, "target": 57, "value": 1}, {"source": 0, "target": 2, "value": 3}, {"source": 38, "target": 42, "value": 1}, {"source": 72, "target": 28, "value": 1}, {"source": 41, "target": 9, "value": 4}, {"source": 58, "target": 76, "value": 2}, {"source": 100, "target": 76, "value": 2}, {"source": 65, "target": 40, "value": 3}, {"source": 100, "target": 98, "value": 5}, {"source": 0, "target": 5, "value": 1}, {"source": 58, "target": 60, "value": 1}, {"source": 95, "target": 91, "value": 1}, {"source": 17, "target": 75, "value": 2}, {"source": 13, "target": 15, "value": 1}, {"source": 62, "target": 34, "value": 3}, {"source": 49, "target": 37, "value": 2}, {"source": 33, "target": 51, "value": 3}, {"source": 72, "target": 75, "value": 2}, {"source": 69, "target": 16, "value": 2}, {"source": 63, "target": 5, "value": 3}, {"source": 11, "target": 14, "value": 1}, {"source": 18, "target": 76, "value": 2}, {"source": 98, "target": 63, "value": 2}, {"source": 41, "target": 28, "value": 1}, {"source": 1, "target": 3, "value": 1}, {"source": 73, "target": 18, "value": 2}, {"source": 77, "target": 28, "value": 2}, {"source": 91, "target": 28, "value": 1}, {"source": 11, "target": 26, "value": 1}, {"source": 51, "target": 15, "value": 2}, {"source": 33, "target": 96, "value": 2}, {"source": 14, "target": 49, "value": 3}, {"source": 97, "target": 16, "value": 3}, {"source": 21, "target": 2, "value": 1}, {"source": 91, "target": 34, "value": 2}, {"source": 21, "target": 22, "value": 1}, {"source": 33, "target": 93, "value": 2}, {"source": 45, "target": 54, "value": 4}, {"source": 0, "target": 34, "value": 3}, {"source": 14, "target": 76, "value": 2}, {"source": 77, "target": 9, "value": 1}, {"source": 67, "target": 40, "value": 1}, {"source": 40, "target": 92, "value": 2}, {"source": 17, "target": 31, "value": 4}, {"source": 72, "target": 0, "value": 2}, {"source": 9, "target": 10, "value": 1}, {"source": 95, "target": 93, "value": 1}, {"source": 70, "target": 98, "value": 2}, {"source": 98, "target": 76, "value": 2}, {"source": 44, "target": 34, "value": 2}, {"source": 95, "target": 7, "value": 1}, {"source": 72, "target": 76, "value": 1}, {"source": 101, "target": 25, "value": 4}, {"source": 95, "target": 75, "value": 4}, {"source": 22, "target": 18, "value": 2}, {"source": 0, "target": 75, "value": 2}, {"source": 41, "target": 75, "value": 1}, {"source": 7, "target": 28, "value": 1}, {"source": 101, "target": 9, "value": 3}, {"source": 70, "target": 74, "value": 1}, {"source": 77, "target": 53, "value": 1}, {"source": 73, "target": 36, "value": 2}, {"source": 46, "target": 2, "value": 1}, {"source": 2, "target": 28, "value": 3}, {"source": 95, "target": 2, "value": 3}, {"source": 88, "target": 90, "value": 1}, {"source": 94, "target": 5, "value": 2}, {"source": 58, "target": 9, "value": 1}, {"source": 62, "target": 79, "value": 1}, {"source": 101, "target": 15, "value": 4}, {"source": 1, "target": 91, "value": 2}, {"source": 19, "target": 20, "value": 1}, {"source": 17, "target": 15, "value": 3}, {"source": 2, "target": 58, "value": 1}, {"source": 98, "target": 16, "value": 2}, {"source": 63, "target": 16, "value": 3}, {"source": 21, "target": 28, "value": 1}, {"source": 65, "target": 68, "value": 3}, {"source": 15, "target": 28, "value": 1}, {"source": 1, "target": 96, "value": 2}, {"source": 28, "target": 93, "value": 2}, {"source": 67, "target": 61, "value": 1}, {"source": 101, "target": 103, "value": 1}, {"source": 44, "target": 83, "value": 1}, {"source": 77, "target": 40, "value": 1}, {"source": 65, "target": 83, "value": 4}, {"source": 80, "target": 83, "value": 1}, {"source": 33, "target": 28, "value": 1}, {"source": 95, "target": 83, "value": 1}, {"source": 67, "target": 9, "value": 1}, {"source": 94, "target": 98, "value": 3}, {"source": 90, "target": 53, "value": 2}, {"source": 39, "target": 90, "value": 2}, {"source": 2, "target": 83, "value": 1}, {"source": 94, "target": 91, "value": 1}, {"source": 17, "target": 53, "value": 2}, {"source": 89, "target": 90, "value": 1}, {"source": 26, "target": 9, "value": 3}, {"source": 72, "target": 91, "value": 2}, {"source": 100, "target": 58, "value": 3}, {"source": 58, "target": 69, "value": 2}, {"source": 76, "target": 37, "value": 3}, {"source": 11, "target": 44, "value": 3}, {"source": 65, "target": 90, "value": 3}, {"source": 1, "target": 15, "value": 2}, {"source": 11, "target": 12, "value": 1}, {"source": 70, "target": 102, "value": 2}, {"source": 73, "target": 37, "value": 2}, {"source": 94, "target": 73, "value": 2}, {"source": 74, "target": 75, "value": 1}, {"source": 1, "target": 9, "value": 2}, {"source": 22, "target": 103, "value": 2}, {"source": 0, "target": 31, "value": 2}, {"source": 59, "target": 49, "value": 3}, {"source": 71, "target": 72, "value": 1}, {"source": 94, "target": 102, "value": 3}, {"source": 1, "target": 92, "value": 3}, {"source": 52, "target": 59, "value": 3}, {"source": 17, "target": 61, "value": 3}, {"source": 51, "target": 90, "value": 3}, {"source": 59, "target": 98, "value": 2}, {"source": 34, "target": 79, "value": 1}, {"source": 95, "target": 28, "value": 2}, {"source": 65, "target": 61, "value": 3}, {"source": 33, "target": 46, "value": 2}, {"source": 44, "target": 62, "value": 1}, {"source": 39, "target": 42, "value": 1}, {"source": 21, "target": 92, "value": 3}, {"source": 61, "target": 79, "value": 2}, {"source": 22, "target": 63, "value": 2}, {"source": 33, "target": 62, "value": 4}, {"source": 46, "target": 34, "value": 2}, {"source": 46, "target": 44, "value": 1}, {"source": 39, "target": 93, "value": 2}, {"source": 59, "target": 27, "value": 2}, {"source": 90, "target": 28, "value": 2}, {"source": 14, "target": 73, "value": 2}, {"source": 44, "target": 53, "value": 1}, {"source": 95, "target": 17, "value": 2}, {"source": 77, "target": 39, "value": 1}, {"source": 27, "target": 37, "value": 2}, {"source": 73, "target": 49, "value": 2}, {"source": 65, "target": 69, "value": 1}, {"source": 26, "target": 91, "value": 3}, {"source": 68, "target": 41, "value": 2}, {"source": 2, "target": 25, "value": 1}, {"source": 1, "target": 41, "value": 2}, {"source": 75, "target": 28, "value": 2}, {"source": 2, "target": 34, "value": 1}, {"source": 1, "target": 4, "value": 1}, {"source": 11, "target": 51, "value": 2}, {"source": 53, "target": 75, "value": 1}, {"source": 0, "target": 65, "value": 2}, {"source": 98, "target": 18, "value": 2}, {"source": 72, "target": 77, "value": 1}, {"source": 9, "target": 31, "value": 4}, {"source": 52, "target": 54, "value": 1}, {"source": 65, "target": 91, "value": 4}, {"source": 101, "target": 61, "value": 3}, {"source": 90, "target": 9, "value": 3}, {"source": 43, "target": 44, "value": 1}, {"source": 55, "target": 60, "value": 1}, {"source": 3, "target": 5, "value": 1}, {"source": 22, "target": 100, "value": 4}, {"source": 17, "target": 34, "value": 2}, {"source": 57, "target": 62, "value": 1}, {"source": 24, "target": 39, "value": 2}, {"source": 27, "target": 28, "value": 1}, {"source": 57, "target": 60, "value": 1}, {"source": 53, "target": 9, "value": 2}, {"source": 67, "target": 91, "value": 1}, {"source": 27, "target": 69, "value": 2}, {"source": 52, "target": 69, "value": 2}, {"source": 24, "target": 65, "value": 4}, {"source": 51, "target": 62, "value": 3}, {"source": 14, "target": 18, "value": 3}, {"source": 68, "target": 40, "value": 3}, {"source": 68, "target": 28, "value": 2}, {"source": 25, "target": 92, "value": 3}, {"source": 77, "target": 2, "value": 2}, {"source": 96, "target": 53, "value": 3}, {"source": 51, "target": 93, "value": 3}, {"source": 40, "target": 31, "value": 3}, {"source": 17, "target": 90, "value": 3}, {"source": 77, "target": 46, "value": 2}, {"source": 17, "target": 65, "value": 4}, {"source": 96, "target": 98, "value": 1}, {"source": 102, "target": 27, "value": 2}, {"source": 27, "target": 49, "value": 2}, {"source": 1, "target": 90, "value": 2}, {"source": 58, "target": 34, "value": 1}, {"source": 95, "target": 96, "value": 2}, {"source": 22, "target": 98, "value": 4}, {"source": 21, "target": 44, "value": 1}, {"source": 98, "target": 92, "value": 1}, {"source": 100, "target": 16, "value": 2}, {"source": 17, "target": 46, "value": 3}, {"source": 83, "target": 61, "value": 2}, {"source": 96, "target": 34, "value": 2}, {"source": 59, "target": 60, "value": 1}, {"source": 7, "target": 31, "value": 4}, {"source": 46, "target": 9, "value": 3}, {"source": 11, "target": 41, "value": 1}, {"source": 91, "target": 62, "value": 2}, {"source": 70, "target": 27, "value": 2}, {"source": 97, "target": 98, "value": 3}, {"source": 46, "target": 67, "value": 1}, {"source": 0, "target": 9, "value": 3}, {"source": 44, "target": 26, "value": 1}, {"source": 17, "target": 67, "value": 1}, {"source": 41, "target": 34, "value": 2}, {"source": 6, "target": 45, "value": 4}, {"source": 51, "target": 39, "value": 3}, {"source": 24, "target": 101, "value": 3}, {"source": 28, "target": 79, "value": 3}, {"source": 1, "target": 61, "value": 2}, {"source": 83, "target": 40, "value": 2}, {"source": 44, "target": 61, "value": 2}, {"source": 1, "target": 5, "value": 1}, {"source": 71, "target": 75, "value": 1}, {"source": 67, "target": 31, "value": 1}, {"source": 56, "target": 58, "value": 1}, {"source": 15, "target": 93, "value": 3}, {"source": 83, "target": 15, "value": 2}, {"source": 44, "target": 92, "value": 1}, {"source": 21, "target": 72, "value": 3}, {"source": 17, "target": 9, "value": 5}, {"source": 15, "target": 79, "value": 1}, {"source": 21, "target": 93, "value": 2}, {"source": 83, "target": 28, "value": 1}, {"source": 58, "target": 75, "value": 1}, {"source": 72, "target": 40, "value": 2}, {"source": 72, "target": 7, "value": 2}, {"source": 63, "target": 37, "value": 3}, {"source": 11, "target": 72, "value": 1}, {"source": 17, "target": 7, "value": 4}, {"source": 0, "target": 62, "value": 2}, {"source": 89, "target": 91, "value": 1}, {"source": 52, "target": 53, "value": 1}, {"source": 11, "target": 61, "value": 3}, {"source": 21, "target": 95, "value": 1}, {"source": 38, "target": 40, "value": 1}, {"source": 75, "target": 76, "value": 1}, {"source": 44, "target": 65, "value": 1}, {"source": 101, "target": 79, "value": 1}, {"source": 44, "target": 15, "value": 1}, {"source": 70, "target": 69, "value": 2}, {"source": 11, "target": 15, "value": 2}, {"source": 1, "target": 67, "value": 2}, {"source": 2, "target": 62, "value": 1}, {"source": 83, "target": 84, "value": 1}, {"source": 49, "target": 16, "value": 3}, {"source": 1, "target": 46, "value": 2}, {"source": 17, "target": 2, "value": 2}, {"source": 94, "target": 27, "value": 2}, {"source": 55, "target": 61, "value": 1}, {"source": 26, "target": 83, "value": 4}, {"source": 91, "target": 53, "value": 2}, {"source": 33, "target": 26, "value": 2}, {"source": 11, "target": 83, "value": 1}, {"source": 27, "target": 36, "value": 2}, {"source": 39, "target": 68, "value": 3}, {"source": 65, "target": 75, "value": 1}, {"source": 96, "target": 26, "value": 3}, {"source": 62, "target": 92, "value": 3}, {"source": 46, "target": 68, "value": 2}, {"source": 39, "target": 7, "value": 2}, {"source": 72, "target": 74, "value": 1}, {"source": 17, "target": 79, "value": 2}, {"source": 0, "target": 67, "value": 1}, {"source": 0, "target": 46, "value": 2}, {"source": 68, "target": 69, "value": 1}, {"source": 0, "target": 83, "value": 2}, {"source": 96, "target": 79, "value": 1}, {"source": 26, "target": 79, "value": 1}, {"source": 11, "target": 90, "value": 2}, {"source": 58, "target": 16, "value": 3}, {"source": 80, "target": 85, "value": 1}, {"source": 51, "target": 44, "value": 2}, {"source": 70, "target": 76, "value": 3}, {"source": 11, "target": 96, "value": 1}, {"source": 62, "target": 75, "value": 1}, {"source": 95, "target": 61, "value": 1}, {"source": 6, "target": 7, "value": 1}, {"source": 72, "target": 53, "value": 3}, {"source": 39, "target": 92, "value": 3}, {"source": 81, "target": 84, "value": 1}, {"source": 40, "target": 61, "value": 4}, {"source": 0, "target": 90, "value": 3}, {"source": 96, "target": 7, "value": 3}, {"source": 100, "target": 59, "value": 2}, {"source": 101, "target": 62, "value": 2}, {"source": 2, "target": 53, "value": 1}, {"source": 4, "target": 5, "value": 1}, {"source": 25, "target": 28, "value": 1}, {"source": 91, "target": 31, "value": 4}, {"source": 46, "target": 83, "value": 3}, {"source": 26, "target": 101, "value": 2}, {"source": 40, "target": 41, "value": 4}, {"source": 2, "target": 26, "value": 1}, {"source": 95, "target": 39, "value": 1}, {"source": 25, "target": 75, "value": 2}, {"source": 96, "target": 44, "value": 1}, {"source": 1, "target": 26, "value": 2}, {"source": 52, "target": 98, "value": 2}, {"source": 2, "target": 44, "value": 3}, {"source": 53, "target": 54, "value": 1}, {"source": 95, "target": 41, "value": 1}, {"source": 98, "target": 99, "value": 1}, {"source": 24, "target": 77, "value": 1}, {"source": 2, "target": 40, "value": 2}, {"source": 14, "target": 63, "value": 3}, {"source": 92, "target": 93, "value": 3}, {"source": 72, "target": 90, "value": 2}, {"source": 53, "target": 79, "value": 1}, {"source": 29, "target": 30, "value": 1}, {"source": 41, "target": 53, "value": 2}, {"source": 72, "target": 33, "value": 4}, {"source": 77, "target": 25, "value": 3}, {"source": 61, "target": 62, "value": 3}, {"source": 15, "target": 91, "value": 3}, {"source": 96, "target": 15, "value": 2}, {"source": 1, "target": 34, "value": 4}, {"source": 15, "target": 61, "value": 3}, {"source": 24, "target": 44, "value": 1}, {"source": 58, "target": 61, "value": 1}, {"source": 26, "target": 93, "value": 2}, {"source": 95, "target": 46, "value": 1}, {"source": 97, "target": 18, "value": 3}, {"source": 70, "target": 8, "value": 1}, {"source": 39, "target": 41, "value": 3}, {"source": 102, "target": 97, "value": 2}, {"source": 63, "target": 36, "value": 2}, {"source": 11, "target": 0, "value": 2}, {"source": 14, "target": 36, "value": 2}, {"source": 17, "target": 44, "value": 1}, {"source": 39, "target": 75, "value": 1}, {"source": 52, "target": 102, "value": 2}, {"source": 63, "target": 103, "value": 3}, {"source": 0, "target": 28, "value": 2}, {"source": 97, "target": 99, "value": 1}, {"source": 83, "target": 34, "value": 2}, {"source": 49, "target": 18, "value": 4}, {"source": 77, "target": 61, "value": 1}, {"source": 21, "target": 51, "value": 3}, {"source": 25, "target": 41, "value": 2}, {"source": 52, "target": 37, "value": 2}, {"source": 77, "target": 96, "value": 2}, {"source": 57, "target": 58, "value": 1}, {"source": 49, "target": 76, "value": 2}, {"source": 17, "target": 58, "value": 1}, {"source": 72, "target": 73, "value": 1}, {"source": 69, "target": 103, "value": 3}, {"source": 28, "target": 34, "value": 1}, {"source": 22, "target": 5, "value": 2}, {"source": 96, "target": 92, "value": 2}, {"source": 58, "target": 63, "value": 3}, {"source": 95, "target": 58, "value": 1}, {"source": 67, "target": 92, "value": 2}, {"source": 18, "target": 5, "value": 3}, {"source": 83, "target": 39, "value": 3}, {"source": 100, "target": 34, "value": 1}, {"source": 67, "target": 69, "value": 1}, {"source": 100, "target": 37, "value": 2}, {"source": 92, "target": 28, "value": 1}, {"source": 44, "target": 40, "value": 2}, {"source": 60, "target": 61, "value": 1}, {"source": 83, "target": 68, "value": 3}, {"source": 90, "target": 92, "value": 3}, {"source": 96, "target": 97, "value": 1}, {"source": 33, "target": 39, "value": 4}, {"source": 11, "target": 39, "value": 1}, {"source": 6, "target": 37, "value": 1}, {"source": 27, "target": 103, "value": 2}, {"source": 96, "target": 90, "value": 2}, {"source": 2, "target": 39, "value": 1}, {"source": 11, "target": 91, "value": 1}, {"source": 26, "target": 15, "value": 2}, {"source": 70, "target": 75, "value": 1}, {"source": 11, "target": 25, "value": 1}, {"source": 77, "target": 15, "value": 2}, {"source": 70, "target": 18, "value": 3}, {"source": 96, "target": 67, "value": 1}, {"source": 69, "target": 36, "value": 3}, {"source": 24, "target": 25, "value": 3}, {"source": 67, "target": 7, "value": 1}, {"source": 6, "target": 8, "value": 5}, {"source": 44, "target": 68, "value": 2}, {"source": 40, "target": 91, "value": 3}, {"source": 39, "target": 62, "value": 4}, {"source": 77, "target": 26, "value": 1}, {"source": 11, "target": 67, "value": 1}, {"source": 25, "target": 93, "value": 2}, {"source": 21, "target": 77, "value": 1}, {"source": 1, "target": 31, "value": 2}, {"source": 39, "target": 79, "value": 1}, {"source": 25, "target": 90, "value": 2}, {"source": 39, "target": 91, "value": 2}, {"source": 65, "target": 41, "value": 5}, {"source": 39, "target": 31, "value": 2}, {"source": 1, "target": 51, "value": 3}, {"source": 90, "target": 34, "value": 2}, {"source": 91, "target": 9, "value": 4}, {"source": 14, "target": 58, "value": 3}, {"source": 36, "target": 37, "value": 5}, {"source": 52, "target": 63, "value": 3}, {"source": 1, "target": 24, "value": 2}, {"source": 67, "target": 90, "value": 1}, {"source": 65, "target": 25, "value": 2}, {"source": 41, "target": 93, "value": 3}, {"source": 51, "target": 25, "value": 2}, {"source": 61, "target": 34, "value": 2}, {"source": 41, "target": 42, "value": 1}, {"source": 51, "target": 83, "value": 3}, {"source": 72, "target": 61, "value": 2}, {"source": 72, "target": 25, "value": 2}, {"source": 46, "target": 62, "value": 2}, {"source": 98, "target": 36, "value": 2}, {"source": 72, "target": 95, "value": 1}, {"source": 97, "target": 5, "value": 3}, {"source": 67, "target": 62, "value": 2}, {"source": 40, "target": 75, "value": 1}, {"source": 71, "target": 74, "value": 1}, {"source": 3, "target": 2, "value": 1}, {"source": 77, "target": 91, "value": 1}, {"source": 22, "target": 59, "value": 2}, {"source": 33, "target": 7, "value": 2}, {"source": 72, "target": 51, "value": 2}, {"source": 77, "target": 44, "value": 2}, {"source": 33, "target": 75, "value": 1}, {"source": 72, "target": 62, "value": 3}, {"source": 66, "target": 68, "value": 1}, {"source": 2, "target": 9, "value": 2}, {"source": 68, "target": 75, "value": 1}, {"source": 98, "target": 37, "value": 2}, {"source": 24, "target": 7, "value": 4}, {"source": 22, "target": 14, "value": 2}, {"source": 21, "target": 34, "value": 3}, {"source": 46, "target": 40, "value": 2}, {"source": 73, "target": 69, "value": 2}, {"source": 14, "target": 100, "value": 2}, {"source": 90, "target": 7, "value": 3}, {"source": 18, "target": 63, "value": 3}, {"source": 22, "target": 49, "value": 2}, {"source": 24, "target": 68, "value": 2}, {"source": 102, "target": 36, "value": 3}, {"source": 94, "target": 63, "value": 2}, {"source": 6, "target": 36, "value": 1}, {"source": 40, "target": 9, "value": 3}, {"source": 25, "target": 61, "value": 2}, {"source": 24, "target": 72, "value": 2}, {"source": 11, "target": 1, "value": 1}, {"source": 83, "target": 75, "value": 1}, {"source": 21, "target": 53, "value": 3}, {"source": 97, "target": 63, "value": 3}, {"source": 11, "target": 34, "value": 1}, {"source": 46, "target": 91, "value": 3}, {"source": 98, "target": 69, "value": 2}, {"source": 77, "target": 75, "value": 3}, {"source": 67, "target": 93, "value": 1}, {"source": 94, "target": 37, "value": 3}, {"source": 33, "target": 44, "value": 2}, {"source": 21, "target": 79, "value": 1}, {"source": 76, "target": 5, "value": 2}, {"source": 97, "target": 103, "value": 3}, {"source": 46, "target": 26, "value": 3}, {"source": 46, "target": 47, "value": 1}, {"source": 26, "target": 40, "value": 2}, {"source": 61, "target": 93, "value": 4}, {"source": 51, "target": 65, "value": 2}, {"source": 1, "target": 28, "value": 1}, {"source": 1, "target": 0, "value": 2}, {"source": 41, "target": 62, "value": 2}, {"source": 101, "target": 53, "value": 2}, {"source": 26, "target": 39, "value": 2}, {"source": 39, "target": 53, "value": 3}, {"source": 21, "target": 83, "value": 3}, {"source": 70, "target": 49, "value": 3}, {"source": 25, "target": 7, "value": 2}, {"source": 46, "target": 28, "value": 1}, {"source": 67, "target": 68, "value": 2}, {"source": 62, "target": 31, "value": 2}, {"source": 55, "target": 59, "value": 1}, {"source": 95, "target": 90, "value": 1}, {"source": 94, "target": 103, "value": 2}, {"source": 51, "target": 2, "value": 2}, {"source": 21, "target": 65, "value": 2}, {"source": 72, "target": 15, "value": 2}, {"source": 11, "target": 62, "value": 1}, {"source": 1, "target": 75, "value": 1}, {"source": 7, "target": 61, "value": 3}, {"source": 46, "target": 92, "value": 2}, {"source": 22, "target": 76, "value": 2}, {"source": 9, "target": 28, "value": 1}, {"source": 1, "target": 101, "value": 2}, {"source": 33, "target": 95, "value": 1}, {"source": 49, "target": 63, "value": 3}, {"source": 72, "target": 96, "value": 2}, {"source": 46, "target": 15, "value": 2}, {"source": 11, "target": 33, "value": 1}, {"source": 44, "target": 39, "value": 1}, {"source": 88, "target": 93, "value": 1}, {"source": 95, "target": 67, "value": 1}, {"source": 33, "target": 31, "value": 2}, {"source": 26, "target": 28, "value": 2}, {"source": 1, "target": 95, "value": 1}, {"source": 96, "target": 101, "value": 3}, {"source": 61, "target": 53, "value": 3}, {"source": 51, "target": 31, "value": 2}, {"source": 9, "target": 34, "value": 2}, {"source": 52, "target": 16, "value": 3}, {"source": 72, "target": 83, "value": 2}, {"source": 44, "target": 31, "value": 1}, {"source": 26, "target": 65, "value": 4}, {"source": 1, "target": 33, "value": 5}, {"source": 14, "target": 102, "value": 2}, {"source": 16, "target": 5, "value": 3}, {"source": 17, "target": 92, "value": 2}, {"source": 59, "target": 61, "value": 1}, {"source": 8, "target": 45, "value": 4}, {"source": 61, "target": 9, "value": 3}, {"source": 0, "target": 100, "value": 1}, {"source": 88, "target": 92, "value": 1}, {"source": 25, "target": 91, "value": 2}, {"source": 21, "target": 26, "value": 2}, {"source": 22, "target": 97, "value": 2}, {"source": 24, "target": 31, "value": 5}, {"source": 2, "target": 41, "value": 1}, {"source": 44, "target": 9, "value": 1}, {"source": 40, "target": 69, "value": 1}, {"source": 59, "target": 69, "value": 2}, {"source": 72, "target": 17, "value": 2}, {"source": 91, "target": 75, "value": 1}, {"source": 17, "target": 62, "value": 2}, {"source": 2, "target": 4, "value": 1}, {"source": 24, "target": 26, "value": 3}, {"source": 51, "target": 75, "value": 1}, {"source": 11, "target": 40, "value": 2}, {"source": 13, "target": 14, "value": 1}, {"source": 52, "target": 27, "value": 2}, {"source": 6, "target": 10, "value": 1}, {"source": 21, "target": 17, "value": 2}, {"source": 95, "target": 53, "value": 1}, {"source": 25, "target": 5, "value": 1}, {"source": 59, "target": 5, "value": 3}, {"source": 11, "target": 92, "value": 1}, {"source": 33, "target": 40, "value": 2}, {"source": 66, "target": 69, "value": 1}, {"source": 56, "target": 57, "value": 1}, {"source": 100, "target": 5, "value": 3}, {"source": 90, "target": 41, "value": 3}, {"source": 1, "target": 7, "value": 2}, {"source": 0, "target": 101, "value": 2}, {"source": 11, "target": 53, "value": 2}, {"source": 56, "target": 59, "value": 1}, {"source": 17, "target": 93, "value": 3}, {"source": 14, "target": 16, "value": 4}, {"source": 44, "target": 25, "value": 1}, {"source": 69, "target": 76, "value": 3}, {"source": 32, "target": 33, "value": 1}, {"source": 51, "target": 28, "value": 2}, {"source": 21, "target": 75, "value": 1}, {"source": 96, "target": 83, "value": 3}, {"source": 68, "target": 93, "value": 4}, {"source": 46, "target": 79, "value": 1}, {"source": 27, "target": 76, "value": 2}, {"source": 49, "target": 5, "value": 3}, {"source": 95, "target": 25, "value": 2}, {"source": 33, "target": 79, "value": 1}, {"source": 58, "target": 103, "value": 3}, {"source": 1, "target": 25, "value": 2}, {"source": 58, "target": 59, "value": 4}, {"source": 96, "target": 51, "value": 2}, {"source": 17, "target": 26, "value": 3}, {"source": 70, "target": 14, "value": 3}, {"source": 70, "target": 37, "value": 2}, {"source": 102, "target": 49, "value": 2}, {"source": 2, "target": 68, "value": 2}, {"source": 103, "target": 76, "value": 2}, {"source": 83, "target": 67, "value": 1}, {"source": 52, "target": 14, "value": 3}, {"source": 6, "target": 9, "value": 1}, {"source": 34, "target": 93, "value": 2}, {"source": 62, "target": 28, "value": 1}, {"source": 44, "target": 75, "value": 2}, {"source": 7, "target": 9, "value": 5}, {"source": 11, "target": 79, "value": 4}, {"source": 70, "target": 73, "value": 3}, {"source": 22, "target": 58, "value": 2}, {"source": 7, "target": 93, "value": 3}, {"source": 96, "target": 9, "value": 3}, {"source": 96, "target": 46, "value": 5}]}