{
  "responseHeader":{
    "status":0,
    "QTime":5,
    "params":{
      "df":"science_keywords",
      "fl":"science_keywords",
      "indent":"true",
      "q":"science_keywords:[* TO *]",
      "wt":"json",
      "rows":"1000"}},
  "response":{"numFound":350,"start":0,"docs":[
      {
        "science_keywords":["Cryosphere",
          "Frozen Ground",
          "Soil Temperature"]},
      {
        "science_keywords":["Climate Indicators",
          "Paleoclimate Indicators",
          "Ocean/Lake Records",
          "Sediments",
          "Oceans",
          "Ocean Chemistry",
          "Organic Carbon",
          "Oceans",
          "Marine Sediments",
          "Biogenic Sediments",
          "Oceans",
          "Marine Sediments",
          "Sedimentation",
          "Oceans",
          "Marine Sediments",
          "Sediment Composition",
          "Climate Indicators",
          "Paleoclimate Indicators",
          "Ocean/Lake Records",
          "Isotopes"]},
      {
        "science_keywords":["Biosphere",
          "Vegetation",
          "Vegetation Index"]},
      {
        "science_keywords":["Biosphere",
          "Terrestrial Ecosystems",
          "Alpine/Tundra"]},
      {
        "science_keywords":["Terrestrial Hydrosphere",
          "Surface Water",
          "Discharge/Flow"]},
      {
        "science_keywords":["Biosphere",
          "Terrestrial Ecosystems",
          "Alpine/Tundra"]},
      {
        "science_keywords":["Biosphere",
          "Terrestrial Ecosystems",
          "Forests",
          "Biosphere",
          "Ecological Dynamics",
          "Ecosystem Functions",
          "Primary Production"]},
      {
        "science_keywords":["Oceans",
          "Ocean Chemistry",
          "Trace Elements"]},
      {
        "science_keywords":["Oceans",
          "Ocean Circulation",
          "Ocean Currents"]},
      {
        "science_keywords":["Land Surface",
          "Soils",
          "Soil Moisture/Water Content"]},
      {
        "science_keywords":["Biosphere",
          "Ecological Dynamics",
          "Ecosystem Functions",
          "Biogeochemical Cycles"]},
      {
        "science_keywords":["Biosphere",
          "Terrestrial Ecosystems",
          "Alpine/Tundra"]},
      {
        "science_keywords":["Land Surface",
          "Topography",
          "Topographic Effects",
          "Land Surface",
          "Soils",
          "Organic Matter",
          "Land Surface",
          "Soils",
          "Soil Chemistry",
          "Land Surface",
          "Soils",
          "Nitrogen",
          "Land Surface",
          "Soils",
          "Soil Ph",
          "Land Surface",
          "Soils",
          "Soil Texture",
          "Land Surface",
          "Soils",
          "Permafrost",
          "Biosphere",
          "Vegetation",
          "Vegetation Species",
          "Land Surface",
          "Erosion/Sedimentation",
          "Stratigraphic Sequence",
          "Land Surface",
          "Soils",
          "Carbon",
          "Biosphere",
          "Vegetation",
          "Carbon",
          "Land Surface",
          "Soils",
          "Electrical Conductivity"]},
      {
        "science_keywords":["Cryosphere",
          "Frozen Ground",
          "Active Layer"]},
      {
        "science_keywords":["Biosphere",
          "Terrestrial Ecosystems",
          "Alpine/Tundra"]},
      {
        "science_keywords":["Biosphere",
          "Terrestrial Ecosystems",
          "Forests",
          "Biosphere",
          "Ecological Dynamics",
          "Ecosystem Functions",
          "Nutrient Cycling",
          "Biosphere",
          "Ecological Dynamics",
          "Ecosystem Functions",
          "Respiration Rate",
          "Biosphere",
          "Ecological Dynamics",
          "Ecosystem Functions",
          "Photosynthesis"]},
      {
        "science_keywords":["Cryosphere",
          "Glaciers/Ice Sheets",
          "Glaciers"]},
      {
        "science_keywords":["Cryosphere",
          "Glaciers/Ice Sheets",
          "Glacier Motion/Ice Sheet Motion",
          "Cryosphere",
          "Glaciers/Ice Sheets",
          "Glaciers"]},
      {
        "science_keywords":["Biosphere",
          "Aquatic Ecosystems",
          "Plankton",
          "Zooplankton"]},
      {
        "science_keywords":["Oceans",
          "Ocean Chemistry",
          "Trace Elements"]},
      {
        "science_keywords":["Cryosphere",
          "Frozen Ground",
          "Permafrost",
          "Land Surface",
          "Frozen Ground",
          "Permafrost"]},
      {
        "science_keywords":["Oceans",
          "Coastal Processes",
          "Sediment Transport"]},
      {
        "science_keywords":["Cryosphere",
          "Glaciers/Ice Sheets",
          "Ice Sheets"]},
      {
        "science_keywords":["Land Surface",
          "Landscape",
          "Landscape Ecology"]},
      {
        "science_keywords":["Oceans",
          "Ocean Circulation",
          "Ocean Currents",
          "Atmosphere",
          "Atmospheric Temperature",
          "Air Temperature",
          "Oceans",
          "Sea Ice",
          "Ice Depth/Thickness",
          "Land Surface",
          "Erosion/Sedimentation",
          "Erosion",
          "Atmosphere",
          "Precipitation",
          "Rain",
          "Biosphere",
          "Aquatic Ecosystems",
          "Marine Habitat",
          "Oceans",
          "Sea Ice",
          "Ice Growth/Melt",
          "Biosphere",
          "Ecological Dynamics",
          "Community Dynamics",
          "Biodiversity Functions",
          "Cryosphere",
          "Snow/Ice",
          "Snow Cover",
          "Oceans",
          "Ocean Winds",
          "Surface Winds",
          "Atmosphere",
          "Precipitation",
          "Snow",
          "Atmosphere",
          "Atmospheric Temperature",
          "Surface Air Temperature",
          "Oceans",
          "Ocean Temperature",
          "Water Temperature",
          "Terrestrial Hydrosphere",
          "Surface Water",
          "Floods",
          "Cryosphere",
          "Sea Ice",
          "Ice Growth/Melt",
          "Biosphere",
          "Aquatic Ecosystems",
          "Coastal Habitat",
          "Terrestrial Hydrosphere",
          "Snow/Ice",
          "Ice Extent",
          "Cryosphere",
          "Sea Ice",
          "Ice Depth/Thickness"]},
      {
        "science_keywords":["Biosphere",
          "Terrestrial Ecosystems",
          "Alpine/Tundra"]},
      {
        "science_keywords":["Cryosphere",
          "Glaciers/Ice Sheets",
          "Ice Sheets"]},
      {
        "science_keywords":["Oceans",
          "Ocean Pressure",
          "Water Pressure"]},
      {
        "science_keywords":["Cryosphere",
          "Snow/Ice",
          "Snow Cover",
          "Terrestrial Hydrosphere",
          "Surface Water",
          "Lakes",
          "Terrestrial Hydrosphere",
          "Glaciers/Ice Sheets",
          "Glaciers",
          "Cryosphere",
          "Snow/Ice",
          "Lake Ice"]},
      {
        "science_keywords":["Biosphere",
          "Vegetation",
          "Plant Phenology"]},
      {
        "science_keywords":["Biosphere",
          "Terrestrial Ecosystems",
          "Alpine/Tundra"]},
      {
        "science_keywords":["Biosphere",
          "Aquatic Ecosystems",
          "Plankton",
          "Zooplankton"]},
      {
        "science_keywords":["Atmosphere",
          "Clouds",
          "Cloud Microphysics",
          "Cloud Liquid Water/Ice"]},
      {
        "science_keywords":["Cryosphere",
          "Frozen Ground",
          "Permafrost"]},
      {
        "science_keywords":["Oceans",
          "Ocean Chemistry",
          "Trace Elements"]},
      {
        "science_keywords":["Oceans",
          "Sea Ice",
          "Ice Temperature"]},
      {
        "science_keywords":["Atmosphere",
          "Aerosols",
          "Nitrate Particles",
          "Atmosphere",
          "Aerosols",
          "Dust/Ash/Smoke",
          "Cryosphere",
          "Snow/Ice",
          "Snow/Ice Chemistry",
          "Atmosphere",
          "Aerosols",
          "Sulfate Particles",
          "Atmosphere",
          "Aerosols",
          "Carbonaceous Aerosols"]},
      {
        "science_keywords":["Land Surface",
          "Surface Radiative Properties",
          "Reflectance"]},
      {
        "science_keywords":["Biosphere",
          "Vegetation",
          "Plant Phenology"]},
      {
        "science_keywords":["Cryosphere",
          "Snow/Ice",
          "Snow Water Equivalent"]},
      {
        "science_keywords":["Atmosphere",
          "Atmospheric Chemistry",
          "Trace Gases/Trace Species"]},
      {
        "science_keywords":["Biosphere",
          "Ecological Dynamics",
          "Species/Population Interactions",
          "Indigenous/Native Species",
          "Cryosphere",
          "Sea Ice",
          "Polynyas",
          "Atmosphere",
          "Atmospheric Winds",
          "Wind Chill",
          "Atmosphere",
          "Atmospheric Temperature",
          "Air Temperature",
          "Cryosphere",
          "Sea Ice",
          "Salinity",
          "Atmosphere",
          "Precipitation",
          "Rain",
          "Atmosphere",
          "Atmospheric Winds",
          "Surface Winds",
          "Biosphere",
          "Terrestrial Ecosystems",
          "Alpine/Tundra",
          "Biosphere",
          "Ecological Dynamics",
          "Community Dynamics",
          "Biodiversity Functions",
          "Cryosphere",
          "Sea Ice",
          "Leads",
          "Cryosphere",
          "Sea Ice",
          "Ice Floes",
          "Cryosphere",
          "Sea Ice",
          "Ice Extent",
          "Cryosphere",
          "Sea Ice",
          "Ice Edges"]},
      {
        "science_keywords":["Land Surface",
          "Surface Radiative Properties",
          "Reflectance"]},
      {
        "science_keywords":["Cryosphere",
          "Frozen Ground",
          "Active Layer"]},
      {
        "science_keywords":["Land Surface",
          "Soils",
          "Soil Moisture/Water Content",
          "Cryosphere",
          "Frozen Ground",
          "Active Layer",
          "Biosphere",
          "Ecological Dynamics",
          "Fire Ecology",
          "Land Surface",
          "Frozen Ground",
          "Active Layer",
          "Land Surface",
          "Soils",
          "Electrical Conductivity",
          "Land Surface",
          "Frozen Ground",
          "Soil Temperature"]},
      {
        "science_keywords":["Oceans",
          "Sea Ice",
          "Salinity"]},
      {
        "science_keywords":["Biosphere",
          "Terrestrial Ecosystems",
          "Alpine/Tundra"]},
      {
        "science_keywords":["Terrestrial Hydrosphere",
          "Surface Water",
          "Discharge/Flow"]},
      {
        "science_keywords":["Biosphere",
          "Terrestrial Ecosystems",
          "Alpine/Tundra",
          "Biosphere",
          "Ecological Dynamics",
          "Ecosystem Functions",
          "Biogeochemical Cycles"]},
      {
        "science_keywords":["Oceans",
          "Salinity/Density",
          "Salinity"]},
      {
        "science_keywords":["Land Surface",
          "Surface Radiative Properties",
          "Reflectance"]},
      {
        "science_keywords":["Biosphere",
          "Terrestrial Ecosystems",
          "Forests",
          "Atmosphere",
          "Atmospheric Water Vapor",
          "Evapotranspiration"]},
      {
        "science_keywords":["Biosphere",
          "Vegetation",
          "Dominant Species",
          "Biosphere",
          "Vegetation",
          "Biomass",
          "Biosphere",
          "Vegetation",
          "Carbon",
          "Biosphere",
          "Terrestrial Ecosystems",
          "Alpine/Tundra",
          "Biosphere",
          "Ecological Dynamics",
          "Ecosystem Functions",
          "Biogeochemical Cycles"]},
      {
        "science_keywords":["Cryosphere",
          "Frozen Ground",
          "Active Layer"]},
      {
        "science_keywords":["Cryosphere",
          "Snow/Ice",
          "Snow Cover"]},
      {
        "science_keywords":["Oceans",
          "Ocean Circulation",
          "Fresh Water Flux"]},
      {
        "science_keywords":["Terrestrial Hydrosphere",
          "Surface Water",
          "Discharge/Flow"]},
      {
        "science_keywords":["Land Surface",
          "Soils",
          "Soil Moisture/Water Content"]},
      {
        "science_keywords":["Cryosphere",
          "Frozen Ground",
          "Active Layer"]},
      {
        "science_keywords":["Oceans",
          "Ocean Optics",
          "Gelbstoff",
          "Oceans",
          "Ocean Temperature",
          "Water Temperature",
          "Oceans",
          "Ocean Optics",
          "Turbidity",
          "Oceans",
          "Ocean Optics",
          "Absorption",
          "Oceans",
          "Salinity/Density",
          "Salinity",
          "Oceans",
          "Ocean Optics",
          "Attenuation/Transmission",
          "Oceans",
          "Ocean Optics",
          "Aphotic/Photic Zone"]},
      {
        "science_keywords":["Atmosphere",
          "Aerosols",
          "Nitrate Particles",
          "Atmosphere",
          "Aerosols",
          "Dust/Ash/Smoke",
          "Cryosphere",
          "Snow/Ice",
          "Snow/Ice Chemistry",
          "Atmosphere",
          "Aerosols",
          "Sulfate Particles",
          "Atmosphere",
          "Aerosols",
          "Carbonaceous Aerosols"]},
      {
        "science_keywords":["Land Surface",
          "Landscape",
          "Landscape Patterns"]},
      {
        "science_keywords":["Biosphere",
          "Terrestrial Ecosystems",
          "Alpine/Tundra"]},
      {
        "science_keywords":["Biosphere",
          "Terrestrial Ecosystems",
          "Alpine/Tundra"]},
      {
        "science_keywords":["Biosphere",
          "Aquatic Ecosystems",
          "Plankton",
          "Zooplankton"]},
      {
        "science_keywords":["Land Surface",
          "Soils",
          "Soil Moisture/Water Content",
          "Cryosphere",
          "Snow/Ice",
          "Snow Depth",
          "Cryosphere",
          "Frozen Ground",
          "Soil Temperature",
          "Cryosphere",
          "Frozen Ground",
          "Active Layer",
          "Land Surface",
          "Soils",
          "Soil Temperature",
          "Land Surface",
          "Frozen Ground",
          "Active Layer",
          "Biosphere",
          "Terrestrial Ecosystems",
          "Alpine/Tundra"]},
      {
        "science_keywords":["Oceans",
          "Ocean Chemistry",
          "Trace Elements"]},
      {
        "science_keywords":["Biosphere",
          "Aquatic Ecosystems",
          "Wetlands",
          "Peatlands"]},
      {
        "science_keywords":["Cryosphere",
          "Glaciers/Ice Sheets",
          "Glacier Topography/Ice Sheet Topography",
          "Cryosphere",
          "Glaciers/Ice Sheets",
          "Glacier Thickness/Ice Sheet Thickness",
          "Cryosphere",
          "Glaciers/Ice Sheets",
          "Glaciers"]},
      {
        "science_keywords":["Land Surface",
          "Soils",
          "Soil Moisture/Water Content"]},
      {
        "science_keywords":["Oceans",
          "Ocean Temperature",
          "Thermocline"]},
      {
        "science_keywords":["Oceans",
          "Ocean Chemistry",
          "Organic Matter",
          "Oceans",
          "Sea Ice",
          "Ice Types",
          "Biosphere",
          "Aquatic Ecosystems",
          "Marine Habitat"]},
      {
        "science_keywords":["Cryosphere",
          "Frozen Ground",
          "Soil Temperature",
          "Cryosphere",
          "Frozen Ground",
          "Permafrost"]},
      {
        "science_keywords":["Land Surface",
          "Soils",
          "Soil Moisture/Water Content"]},
      {
        "science_keywords":["Atmosphere",
          "Aerosols",
          "Nitrate Particles",
          "Atmosphere",
          "Aerosols",
          "Dust/Ash/Smoke",
          "Cryosphere",
          "Snow/Ice",
          "Snow/Ice Chemistry",
          "Atmosphere",
          "Aerosols",
          "Sulfate Particles",
          "Atmosphere",
          "Aerosols",
          "Carbonaceous Aerosols"]},
      {
        "science_keywords":["Cryosphere",
          "Snow/Ice",
          "Snow Cover",
          "Cryosphere",
          "Snow/Ice",
          "Snow Depth",
          "Cryosphere",
          "Snow/Ice",
          "Snow/Ice Temperature"]},
      {
        "science_keywords":["Terrestrial Hydrosphere",
          "Surface Water",
          "Rivers/Streams"]},
      {
        "science_keywords":["Terrestrial Hydrosphere",
          "Surface Water",
          "Surface Water Chemistry"]},
      {
        "science_keywords":["Biosphere",
          "Ecological Dynamics",
          "Fire Ecology",
          "Fire Dynamics",
          "Biosphere",
          "Terrestrial Ecosystems",
          "Forests",
          "Land Surface",
          "Soils",
          "Soil Temperature",
          "Biosphere",
          "Ecological Dynamics",
          "Ecosystem Functions",
          "Biogeochemical Cycles"]},
      {
        "science_keywords":["Terrestrial Hydrosphere",
          "Water Quality/Water Chemistry",
          "Conductivity",
          "Terrestrial Hydrosphere",
          "Water Quality/Water Chemistry",
          "Water Temperature"]},
      {
        "science_keywords":["Human Dimensions",
          "Population",
          "Population Size"]},
      {
        "science_keywords":["Land Surface",
          "Landscape",
          "Landscape Ecology"]},
      {
        "science_keywords":["Land Surface",
          "Landscape",
          "Landscape Ecology"]},
      {
        "science_keywords":["Oceans",
          "Ocean Circulation",
          "Fresh Water Flux"]},
      {
        "science_keywords":["Human Dimensions",
          "Population",
          "Population Size"]},
      {
        "science_keywords":["Human Dimensions",
          "Population",
          "Population Size"]},
      {
        "science_keywords":["Terrestrial Hydrosphere",
          "Water Quality/Water Chemistry",
          "Conductivity",
          "Terrestrial Hydrosphere",
          "Water Quality/Water Chemistry",
          "Water Temperature"]},
      {
        "science_keywords":["Land Surface",
          "Landscape",
          "Landscape Ecology"]},
      {
        "science_keywords":["Cryosphere",
          "Sea Ice",
          "Snow Depth",
          "Cryosphere",
          "Snow/Ice",
          "Snow Cover",
          "Cryosphere",
          "Snow/Ice",
          "Snow Density",
          "Cryosphere",
          "Snow/Ice",
          "Snow Melt",
          "Cryosphere",
          "Snow/Ice",
          "Snow Depth",
          "Atmosphere",
          "Atmospheric Winds",
          "Convergence/Divergence",
          "Cryosphere",
          "Snow/Ice",
          "Snow/Ice Temperature",
          "Atmosphere",
          "Atmospheric Water Vapor",
          "Humidity"]},
      {
        "science_keywords":["Terrestrial Hydrosphere",
          "Water Quality/Water Chemistry",
          "Phosphorous Compounds",
          "Terrestrial Hydrosphere",
          "Water Quality/Water Chemistry",
          "Nutrients",
          "Terrestrial Hydrosphere",
          "Surface Water",
          "Rivers/Streams"]},
      {
        "science_keywords":["Terrestrial Hydrosphere",
          "Water Quality/Water Chemistry",
          "Conductivity",
          "Terrestrial Hydrosphere",
          "Water Quality/Water Chemistry",
          "Water Temperature"]},
      {
        "science_keywords":["Solid Earth",
          "Tectonics",
          "Earthquakes",
          "Seismic Profile",
          "Paleoclimate",
          "Ocean/Lake Records",
          "Sediments"]},
      {
        "science_keywords":["Terrestrial Hydrosphere",
          "Surface Water",
          "Rivers/Streams"]},
      {
        "science_keywords":["Human Dimensions",
          "Population",
          "Population Size"]},
      {
        "science_keywords":["Land Surface",
          "Landscape",
          "Landscape Ecology"]},
      {
        "science_keywords":["Oceans",
          "Ocean Circulation",
          "Fresh Water Flux"]},
      {
        "science_keywords":["Land Surface",
          "Landscape",
          "Landscape Ecology"]},
      {
        "science_keywords":["Biosphere",
          "Ecological Dynamics",
          "Ecosystem Functions",
          "Respiration Rate"]},
      {
        "science_keywords":["Oceans",
          "Ocean Acoustics",
          "Ambient Noise",
          "Biological Classification",
          "Animals/Vertebrates",
          "Mammals",
          "Carnivores",
          "Seals/Sea Lions/Walruses",
          "Biological Classification",
          "Animals/Vertebrates",
          "Mammals",
          "Cetaceans"]},
      {
        "science_keywords":["Cryosphere",
          "Sea Ice",
          "Snow Depth",
          "Cryosphere",
          "Snow/Ice",
          "Snow Cover",
          "Cryosphere",
          "Snow/Ice",
          "Snow Melt",
          "Cryosphere",
          "Snow/Ice",
          "Snow Depth",
          "Atmosphere",
          "Atmospheric Winds",
          "Convergence/Divergence",
          "Cryosphere",
          "Snow/Ice",
          "Snow/Ice Temperature",
          "Atmosphere",
          "Atmospheric Water Vapor",
          "Humidity"]},
      {
        "science_keywords":["Climate Indicators",
          "Atmospheric/Ocean Indicators",
          "Temperature Indices",
          "Common Sense Climate Index"]},
      {
        "science_keywords":["Cryosphere",
          "Frozen Ground",
          "Active Layer"]},
      {
        "science_keywords":["Biosphere",
          "Ecological Dynamics",
          "Species/Population Interactions",
          "Endangered Species"]},
      {
        "science_keywords":["Atmosphere",
          "Atmospheric Chemistry",
          "Carbon And Hydrocarbon Compounds",
          "Carbon Dioxide",
          "Biosphere",
          "Ecological Dynamics",
          "Ecosystem Functions",
          "Decomposition",
          "Biosphere",
          "Vegetation",
          "Nitrogen",
          "Biosphere",
          "Ecological Dynamics",
          "Ecosystem Functions",
          "Biogeochemical Cycles"]},
      {
        "science_keywords":["Cryosphere",
          "Frozen Ground",
          "Active Layer"]},
      {
        "science_keywords":["Cryosphere",
          "Snow/Ice",
          "Snow Cover",
          "Terrestrial Hydrosphere",
          "Surface Water",
          "Lakes",
          "Terrestrial Hydrosphere",
          "Glaciers/Ice Sheets",
          "Glaciers",
          "Cryosphere",
          "Snow/Ice",
          "Lake Ice"]},
      {
        "science_keywords":["Land Surface",
          "Landscape",
          "Landscape Ecology"]},
      {
        "science_keywords":["Cryosphere",
          "Snow/Ice",
          "Snow Cover"]},
      {
        "science_keywords":["Cryosphere",
          "Sea Ice",
          "Snow Depth",
          "Cryosphere",
          "Snow/Ice",
          "Snow Cover",
          "Cryosphere",
          "Snow/Ice",
          "Snow Density",
          "Cryosphere",
          "Snow/Ice",
          "Snow Melt",
          "Cryosphere",
          "Snow/Ice",
          "Snow Depth",
          "Atmosphere",
          "Atmospheric Winds",
          "Convergence/Divergence",
          "Cryosphere",
          "Snow/Ice",
          "Snow/Ice Temperature",
          "Atmosphere",
          "Atmospheric Water Vapor",
          "Humidity"]},
      {
        "science_keywords":["Terrestrial Hydrosphere",
          "Water Quality/Water Chemistry",
          "Alkalinity",
          "Solid Earth",
          "Geochemistry",
          "Geochemical Properties",
          "Isotopes",
          "Cryosphere",
          "Frozen Ground",
          "Active Layer",
          "Solid Earth",
          "Geochemistry",
          "Geochemical Processes",
          "Chemical Weathering",
          "Cryosphere",
          "Frozen Ground",
          "Permafrost",
          "Terrestrial Hydrosphere",
          "Water Quality/Water Chemistry",
          "Organic Matter",
          "Terrestrial Hydrosphere",
          "Surface Water",
          "Surface Water Chemistry",
          "Terrestrial Hydrosphere",
          "Water Quality/Water Chemistry",
          "Ph",
          "Biosphere",
          "Ecological Dynamics",
          "Ecosystem Functions",
          "Biogeochemical Cycles",
          "Terrestrial Hydrosphere",
          "Surface Water",
          "Rivers/Streams"]},
      {
        "science_keywords":["Terrestrial Hydrosphere",
          "Surface Water",
          "Water Depth"]},
      {
        "science_keywords":["Oceans",
          "Ocean Circulation",
          "Fresh Water Flux"]},
      {
        "science_keywords":["Biosphere",
          "Terrestrial Ecosystems",
          "Alpine/Tundra"]},
      {
        "science_keywords":["Biosphere",
          "Aquatic Ecosystems",
          "Lakes"]},
      {
        "science_keywords":["Cryosphere",
          "Frozen Ground",
          "Active Layer"]},
      {
        "science_keywords":["Cryosphere",
          "Sea Ice",
          "Ice Depth/Thickness"]},
      {
        "science_keywords":["Biosphere",
          "Terrestrial Ecosystems",
          "Alpine/Tundra"]},
      {
        "science_keywords":["Biosphere",
          "Ecological Dynamics",
          "Fire Ecology",
          "Fire Dynamics",
          "Biosphere",
          "Terrestrial Ecosystems",
          "Forests",
          "Biosphere",
          "Ecological Dynamics",
          "Ecosystem Functions",
          "Biogeochemical Cycles"]},
      {
        "science_keywords":["Human Dimensions",
          "Environmental Impacts",
          "Contaminant Levels/Spills",
          "Cryosphere",
          "Snow/Ice",
          "Snow/Ice Chemistry"]},
      {
        "science_keywords":["Biosphere",
          "Terrestrial Ecosystems",
          "Wetlands",
          "Peatlands"]},
      {
        "science_keywords":["Biological Classification",
          "Animals/Invertebrates"]},
      {
        "science_keywords":["Human Dimensions",
          "Population",
          "Population Size"]},
      {
        "science_keywords":["Atmosphere",
          "Precipitation",
          "Snow",
          "Atmosphere",
          "Atmospheric Temperature",
          "Surface Air Temperature",
          "Atmosphere",
          "Precipitation",
          "Rain",
          "Atmosphere",
          "Precipitation",
          "Precipitation Amount"]},
      {
        "science_keywords":["Biosphere",
          "Vegetation",
          "Vegetation Species"]},
      {
        "science_keywords":["Land Surface",
          "Soils",
          "Soil Moisture/Water Content",
          "Land Surface",
          "Soils",
          "Soil Temperature"]},
      {
        "science_keywords":["Human Dimensions",
          "Population",
          "Population Size"]},
      {
        "science_keywords":["Cryosphere",
          "Snow/Ice",
          "Snow Cover",
          "Cryosphere",
          "Snow/Ice",
          "Snow Depth",
          "Atmosphere",
          "Atmospheric Winds",
          "Convergence/Divergence",
          "Cryosphere",
          "Snow/Ice",
          "Snow/Ice Temperature",
          "Atmosphere",
          "Atmospheric Water Vapor",
          "Humidity",
          "Cryosphere",
          "Snow/Ice",
          "Lake Ice"]},
      {
        "science_keywords":["Cryosphere",
          "Sea Ice",
          "Snow Depth",
          "Cryosphere",
          "Snow/Ice",
          "Snow Cover",
          "Cryosphere",
          "Snow/Ice",
          "Snow Melt",
          "Cryosphere",
          "Snow/Ice",
          "Snow Depth",
          "Atmosphere",
          "Atmospheric Winds",
          "Convergence/Divergence",
          "Cryosphere",
          "Snow/Ice",
          "Snow/Ice Temperature",
          "Atmosphere",
          "Atmospheric Water Vapor",
          "Humidity"]},
      {
        "science_keywords":["Biosphere",
          "Aquatic Ecosystems",
          "Lakes"]},
      {
        "science_keywords":["Cryosphere",
          "Sea Ice",
          "Snow Depth",
          "Cryosphere",
          "Snow/Ice",
          "Snow Cover",
          "Cryosphere",
          "Snow/Ice",
          "Snow Melt",
          "Cryosphere",
          "Snow/Ice",
          "Snow Depth",
          "Atmosphere",
          "Atmospheric Winds",
          "Convergence/Divergence",
          "Cryosphere",
          "Snow/Ice",
          "Snow/Ice Temperature",
          "Atmosphere",
          "Atmospheric Water Vapor",
          "Humidity"]},
      {
        "science_keywords":["Land Surface",
          "Landscape",
          "Landscape Ecology"]},
      {
        "science_keywords":["Human Dimensions",
          "Population",
          "Population Size"]},
      {
        "science_keywords":["Oceans",
          "Marine Environment Monitoring",
          "Oceans",
          "Ocean Chemistry",
          "Ph",
          "Oceans",
          "Ocean Chemistry",
          "Carbon Dioxide",
          "Oceans",
          "Ocean Chemistry",
          "Alkalinity"]},
      {
        "science_keywords":["Oceans",
          "Ocean Circulation",
          "Fresh Water Flux"]},
      {
        "science_keywords":["Climate Indicators",
          "Cryospheric Indicators",
          "Glacial Measurements",
          "Glacier Mass Balance/Ice Sheet Mass Balance",
          "Cryosphere",
          "Glaciers/Ice Sheets",
          "Glacier Mass Balance/Ice Sheet Mass Balance",
          "Terrestrial Hydrosphere",
          "Glaciers/Ice Sheets",
          "Glacier Mass Balance/Ice Sheet Mass Balance"]},
      {
        "science_keywords":["Biological Classification",
          "Animals/Invertebrates",
          "Oceans",
          "Biosphere",
          "Aquatic Ecosystems",
          "Plankton"]},
      {
        "science_keywords":["Oceans",
          "Ocean Circulation",
          "Fresh Water Flux"]},
      {
        "science_keywords":["Cryosphere",
          "Frozen Ground",
          "Active Layer"]},
      {
        "science_keywords":["Climate Indicators",
          "Cryospheric Indicators",
          "Snow Cover",
          "Land Surface",
          "Soils",
          "Organic Matter",
          "Land Surface",
          "Soils",
          "Climate Indicators",
          "Cryospheric Indicators",
          "Snow Melt",
          "Land Surface",
          "Soils",
          "Phosphorus",
          "Land Surface",
          "Soils",
          "Soil Chemistry",
          "Land Surface",
          "Frozen Ground",
          "Seasonally Frozen Ground",
          "Land Surface",
          "Soils",
          "Nitrogen",
          "Land Surface",
          "Soils",
          "Carbon"]},
      {
        "science_keywords":["Human Dimensions",
          "Population",
          "Population Size"]},
      {
        "science_keywords":["Biosphere",
          "Aquatic Ecosystems",
          "Wetlands",
          "Peatlands"]},
      {
        "science_keywords":["Cryosphere",
          "Frozen Ground",
          "Permafrost",
          "Human Dimensions",
          "Social Behavior"]},
      {
        "science_keywords":["Biosphere",
          "Ecological Dynamics",
          "Fire Ecology",
          "Fire Dynamics",
          "Biosphere",
          "Terrestrial Ecosystems",
          "Forests",
          "Biosphere",
          "Ecological Dynamics",
          "Ecosystem Functions",
          "Biogeochemical Cycles"]},
      {
        "science_keywords":["Cryosphere",
          "Frozen Ground",
          "Active Layer"]},
      {
        "science_keywords":["Biological Classification",
          "Bacteria/Archaea",
          "Cyanobacteria (Blue-Green Algae)",
          "Biological Classification",
          "Bacteria/Archaea"]},
      {
        "science_keywords":["Cryosphere",
          "Snow/Ice",
          "Snow Cover",
          "Cryosphere",
          "Snow/Ice",
          "Snow Depth"]},
      {
        "science_keywords":["Land Surface",
          "Soils",
          "Carbon"]},
      {
        "science_keywords":["Cryosphere",
          "Snow/Ice",
          "Snow Cover"]},
      {
        "science_keywords":["Oceans",
          "Sea Ice",
          "Sea Ice Motion"]},
      {
        "science_keywords":["Biological Classification",
          "Animals/Vertebrates",
          "Fish",
          "Ray-Finned Fishes",
          "Cods/Haddocks"]},
      {
        "science_keywords":["Cryosphere",
          "Sea Ice",
          "Snow Depth",
          "Cryosphere",
          "Snow/Ice",
          "Snow Cover",
          "Atmosphere",
          "Atmospheric Winds",
          "Convergence/Divergence",
          "Cryosphere",
          "Snow/Ice",
          "Snow/Ice Temperature",
          "Atmosphere",
          "Atmospheric Water Vapor",
          "Humidity",
          "Cryosphere",
          "Sea Ice",
          "Snow Melt"]},
      {
        "science_keywords":["Human Dimensions",
          "Population",
          "Population Size"]},
      {
        "science_keywords":["Oceans",
          "Sea Ice",
          "Sea Ice Motion"]},
      {
        "science_keywords":["Cryosphere",
          "Sea Ice",
          "Snow Depth"]},
      {
        "science_keywords":["Oceans",
          "Ocean Circulation",
          "Fresh Water Flux"]},
      {
        "science_keywords":["Oceans",
          "Ocean Circulation",
          "Fresh Water Flux"]},
      {
        "science_keywords":["Biosphere",
          "Terrestrial Ecosystems",
          "Alpine/Tundra"]},
      {
        "science_keywords":["Human Dimensions",
          "Social Behavior"]},
      {
        "science_keywords":["Biosphere",
          "Ecological Dynamics",
          "Fire Ecology",
          "Fire Dynamics",
          "Biosphere",
          "Terrestrial Ecosystems",
          "Forests",
          "Biosphere",
          "Ecological Dynamics",
          "Ecosystem Functions",
          "Biogeochemical Cycles"]},
      {
        "science_keywords":["Human Dimensions",
          "Population",
          "Population Size"]},
      {
        "science_keywords":["Land Surface",
          "Surface Radiative Properties",
          "Reflectance"]},
      {
        "science_keywords":["Human Dimensions",
          "Population",
          "Population Size"]},
      {
        "science_keywords":["Human Dimensions",
          "Social Behavior"]},
      {
        "science_keywords":["Biosphere",
          "Terrestrial Ecosystems",
          "Alpine/Tundra"]},
      {
        "science_keywords":["Climate Indicators",
          "Atmospheric/Ocean Indicators",
          "Temperature Indices",
          "Common Sense Climate Index"]},
      {
        "science_keywords":["Cryosphere",
          "Sea Ice",
          "Snow Depth",
          "Cryosphere",
          "Snow/Ice",
          "Snow Cover",
          "Cryosphere",
          "Snow/Ice",
          "Snow Melt",
          "Cryosphere",
          "Snow/Ice",
          "Snow Depth",
          "Atmosphere",
          "Atmospheric Winds",
          "Convergence/Divergence",
          "Cryosphere",
          "Snow/Ice",
          "Snow/Ice Temperature",
          "Atmosphere",
          "Atmospheric Water Vapor",
          "Humidity"]},
      {
        "science_keywords":["Cryosphere",
          "Frozen Ground",
          "Active Layer"]},
      {
        "science_keywords":["Oceans",
          "Ocean Circulation",
          "Fresh Water Flux"]},
      {
        "science_keywords":["Biosphere",
          "Vegetation",
          "Vegetation Cover"]},
      {
        "science_keywords":["Biosphere",
          "Aquatic Ecosystems",
          "Lakes"]},
      {
        "science_keywords":["Oceans",
          "Ocean Circulation",
          "Fresh Water Flux"]},
      {
        "science_keywords":["Biosphere",
          "Terrestrial Ecosystems",
          "Alpine/Tundra"]},
      {
        "science_keywords":["Terrestrial Hydrosphere",
          "Surface Water",
          "Water Depth"]},
      {
        "science_keywords":["Oceans",
          "Ocean Circulation",
          "Fresh Water Flux"]},
      {
        "science_keywords":["Human Dimensions",
          "Environmental Impacts",
          "Heavy Metals Concentration"]},
      {
        "science_keywords":["Cryosphere",
          "Snow/Ice",
          "Snow Cover",
          "Cryosphere",
          "Snow/Ice",
          "Snow Depth",
          "Atmosphere",
          "Atmospheric Winds",
          "Convergence/Divergence",
          "Cryosphere",
          "Snow/Ice",
          "Snow/Ice Temperature",
          "Atmosphere",
          "Atmospheric Water Vapor",
          "Humidity",
          "Cryosphere",
          "Snow/Ice",
          "Lake Ice"]},
      {
        "science_keywords":["Biosphere",
          "Terrestrial Ecosystems",
          "Alpine/Tundra"]},
      {
        "science_keywords":["Land Surface",
          "Landscape",
          "Landscape Ecology"]},
      {
        "science_keywords":["Biosphere",
          "Terrestrial Ecosystems",
          "Alpine/Tundra"]},
      {
        "science_keywords":["Biological Classification",
          "Plants",
          "Gymnosperms",
          "Conifers"]},
      {
        "science_keywords":["Terrestrial Hydrosphere",
          "Water Quality/Water Chemistry",
          "Conductivity",
          "Terrestrial Hydrosphere",
          "Water Quality/Water Chemistry",
          "Water Temperature"]},
      {
        "science_keywords":["Terrestrial Hydrosphere",
          "Surface Water",
          "Surface Water Chemistry"]},
      {
        "science_keywords":["Cryosphere",
          "Sea Ice",
          "Snow Depth",
          "Cryosphere",
          "Snow/Ice",
          "Snow Cover",
          "Cryosphere",
          "Snow/Ice",
          "Snow Melt",
          "Cryosphere",
          "Snow/Ice",
          "Snow Depth",
          "Atmosphere",
          "Atmospheric Winds",
          "Convergence/Divergence",
          "Cryosphere",
          "Snow/Ice",
          "Snow/Ice Temperature",
          "Atmosphere",
          "Atmospheric Water Vapor",
          "Humidity"]},
      {
        "science_keywords":["Human Dimensions",
          "Population",
          "Population Size"]},
      {
        "science_keywords":["Terrestrial Hydrosphere",
          "Water Quality/Water Chemistry",
          "Phosphorous Compounds",
          "Terrestrial Hydrosphere",
          "Water Quality/Water Chemistry",
          "Water Ion Concentration",
          "Terrestrial Hydrosphere",
          "Water Quality/Water Chemistry",
          "Nutrients",
          "Terrestrial Hydrosphere",
          "Water Quality/Water Chemistry",
          "Water Temperature",
          "Terrestrial Hydrosphere",
          "Surface Water",
          "Rivers/Streams"]},
      {
        "science_keywords":["Cryosphere",
          "Sea Ice",
          "Snow Depth",
          "Cryosphere",
          "Snow/Ice",
          "Snow Cover",
          "Cryosphere",
          "Snow/Ice",
          "Snow Density",
          "Cryosphere",
          "Snow/Ice",
          "Snow Melt",
          "Cryosphere",
          "Snow/Ice",
          "Snow Depth",
          "Atmosphere",
          "Atmospheric Winds",
          "Convergence/Divergence",
          "Cryosphere",
          "Snow/Ice",
          "Snow/Ice Temperature",
          "Atmosphere",
          "Atmospheric Water Vapor",
          "Humidity"]},
      {
        "science_keywords":["Cryosphere",
          "Sea Ice",
          "Snow Depth",
          "Cryosphere",
          "Snow/Ice",
          "Snow Cover",
          "Cryosphere",
          "Snow/Ice",
          "Snow Melt",
          "Cryosphere",
          "Snow/Ice",
          "Snow Depth",
          "Atmosphere",
          "Atmospheric Winds",
          "Convergence/Divergence",
          "Cryosphere",
          "Snow/Ice",
          "Snow/Ice Temperature",
          "Atmosphere",
          "Atmospheric Water Vapor",
          "Humidity"]},
      {
        "science_keywords":["Biosphere",
          "Vegetation",
          "Vegetation Species"]},
      {
        "science_keywords":["Human Dimensions",
          "Population",
          "Population Size"]},
      {
        "science_keywords":["Land Surface",
          "Landscape",
          "Landscape Patterns"]},
      {
        "science_keywords":["Atmosphere",
          "Atmospheric Temperature",
          "Air Temperature"]},
      {
        "science_keywords":["Human Dimensions",
          "Population",
          "Population Size"]},
      {
        "science_keywords":["Cryosphere",
          "Snow/Ice",
          "Snow/Ice Chemistry",
          "Paleoclimate",
          "Ice Core Records",
          "Ions"]},
      {
        "science_keywords":["Cryosphere",
          "Snow/Ice",
          "Snow Cover",
          "Cryosphere",
          "Snow/Ice",
          "Snow Depth",
          "Atmosphere",
          "Atmospheric Winds",
          "Convergence/Divergence",
          "Cryosphere",
          "Snow/Ice",
          "Snow/Ice Temperature",
          "Atmosphere",
          "Atmospheric Water Vapor",
          "Humidity",
          "Cryosphere",
          "Snow/Ice",
          "Lake Ice"]},
      {
        "science_keywords":["Biosphere",
          "Terrestrial Ecosystems",
          "Forests",
          "Biosphere",
          "Vegetation",
          "Dominant Species",
          "Human Dimensions",
          "Environmental Impacts",
          "Conservation",
          "Biosphere",
          "Terrestrial Ecosystems",
          "Shrubland/Scrub",
          "Biosphere",
          "Vegetation",
          "Biomass",
          "Biosphere",
          "Ecological Dynamics",
          "Community Dynamics",
          "Plant Succession",
          "Biosphere",
          "Terrestrial Ecosystems",
          "Grasslands",
          "Biosphere",
          "Vegetation",
          "Vegetation Cover",
          "Biosphere",
          "Ecological Dynamics",
          "Community Dynamics",
          "Biodiversity Functions"]},
      {
        "science_keywords":["Cryosphere",
          "Sea Ice",
          "Snow Depth",
          "Cryosphere",
          "Snow/Ice",
          "Snow Cover",
          "Cryosphere",
          "Snow/Ice",
          "Snow Melt",
          "Cryosphere",
          "Snow/Ice",
          "Snow Depth",
          "Atmosphere",
          "Atmospheric Winds",
          "Convergence/Divergence",
          "Cryosphere",
          "Snow/Ice",
          "Snow/Ice Temperature",
          "Atmosphere",
          "Atmospheric Water Vapor",
          "Humidity"]},
      {
        "science_keywords":["Land Surface",
          "Soils",
          "Organic Matter",
          "Oceans",
          "Coastal Processes",
          "Estuaries",
          "Biosphere",
          "Vegetation",
          "Indigenous Vegetation",
          "Oceans",
          "Ocean Chemistry",
          "Carbon",
          "Paleoclimate",
          "Ocean/Lake Records",
          "Sediments"]},
      {
        "science_keywords":["Terrestrial Hydrosphere",
          "Water Quality/Water Chemistry",
          "Phosphorous Compounds",
          "Terrestrial Hydrosphere",
          "Water Quality/Water Chemistry",
          "Nutrients",
          "Terrestrial Hydrosphere",
          "Surface Water",
          "Rivers/Streams"]},
      {
        "science_keywords":["Human Dimensions",
          "Population",
          "Population Size"]},
      {
        "science_keywords":["Terrestrial Hydrosphere",
          "Surface Water",
          "Discharge/Flow"]},
      {
        "science_keywords":["Human Dimensions",
          "Population",
          "Population Size"]},
      {
        "science_keywords":["Climate Indicators",
          "Atmospheric/Ocean Indicators",
          "Temperature Indices",
          "Common Sense Climate Index"]},
      {
        "science_keywords":["Cryosphere",
          "Frozen Ground",
          "Permafrost",
          "Human Dimensions",
          "Social Behavior"]},
      {
        "science_keywords":["Atmosphere",
          "Atmospheric Chemistry",
          "Halocarbons And Halogens",
          "Chlorine Monoxide"]},
      {
        "science_keywords":["Land Surface",
          "Landscape",
          "Landscape Ecology"]},
      {
        "science_keywords":["Cryosphere",
          "Climate Indicators",
          "Paleoclimate Indicators",
          "Ice Core Records",
          "Climate Indicators",
          "Cryospheric Indicators",
          "Glacial Measurements"]},
      {
        "science_keywords":["Cryosphere",
          "Sea Ice",
          "Snow Depth",
          "Cryosphere",
          "Snow/Ice",
          "Snow Cover",
          "Cryosphere",
          "Snow/Ice",
          "Snow Melt",
          "Cryosphere",
          "Snow/Ice",
          "Snow Depth",
          "Atmosphere",
          "Atmospheric Winds",
          "Convergence/Divergence",
          "Cryosphere",
          "Snow/Ice",
          "Snow/Ice Temperature",
          "Atmosphere",
          "Atmospheric Water Vapor",
          "Humidity"]},
      {
        "science_keywords":["Terrestrial Hydrosphere",
          "Water Quality/Water Chemistry",
          "Phosphorous Compounds",
          "Terrestrial Hydrosphere",
          "Water Quality/Water Chemistry",
          "Nutrients",
          "Terrestrial Hydrosphere",
          "Surface Water",
          "Rivers/Streams"]},
      {
        "science_keywords":["Biological Classification",
          "Plants",
          "Microalgae"]},
      {
        "science_keywords":["Paleoclimate",
          "Ocean/Lake Records",
          "Boreholes"]},
      {
        "science_keywords":["Cryosphere",
          "Frozen Ground",
          "Permafrost",
          "Human Dimensions",
          "Social Behavior"]},
      {
        "science_keywords":["Biosphere",
          "Terrestrial Ecosystems",
          "Alpine/Tundra"]},
      {
        "science_keywords":["Biosphere",
          "Terrestrial Ecosystems",
          "Alpine/Tundra"]},
      {
        "science_keywords":["Terrestrial Hydrosphere",
          "Water Quality/Water Chemistry",
          "Conductivity",
          "Terrestrial Hydrosphere",
          "Water Quality/Water Chemistry",
          "Water Temperature"]},
      {
        "science_keywords":["Oceans",
          "Ocean Chemistry",
          "Organic Matter",
          "Oceans",
          "Sea Ice",
          "Ice Types",
          "Biosphere",
          "Aquatic Ecosystems",
          "Marine Habitat"]},
      {
        "science_keywords":["Cryosphere",
          "Sea Ice",
          "Snow Depth",
          "Cryosphere",
          "Snow/Ice",
          "Snow Cover",
          "Cryosphere",
          "Snow/Ice",
          "Snow Melt",
          "Cryosphere",
          "Snow/Ice",
          "Snow Depth",
          "Atmosphere",
          "Atmospheric Winds",
          "Convergence/Divergence",
          "Cryosphere",
          "Snow/Ice",
          "Snow/Ice Temperature",
          "Atmosphere",
          "Atmospheric Water Vapor",
          "Humidity"]},
      {
        "science_keywords":["Biosphere",
          "Terrestrial Ecosystems",
          "Alpine/Tundra"]},
      {
        "science_keywords":["Paleoclimate",
          "Land Records",
          "Paleosols",
          "Land Surface",
          "Soils",
          "Carbon",
          "Paleoclimate",
          "Land Records",
          "Isotopes",
          "Biosphere",
          "Ecological Dynamics",
          "Ecosystem Functions",
          "Biogeochemical Cycles",
          "Solid Earth",
          "Geochemistry",
          "Biogeochemical Processes"]},
      {
        "science_keywords":["Oceans",
          "Ocean Circulation",
          "Fresh Water Flux"]},
      {
        "science_keywords":["Atmosphere",
          "Aerosols",
          "Nitrate Particles",
          "Atmosphere",
          "Aerosols",
          "Dust/Ash/Smoke",
          "Cryosphere",
          "Snow/Ice",
          "Snow/Ice Chemistry",
          "Atmosphere",
          "Aerosols",
          "Sulfate Particles",
          "Atmosphere",
          "Aerosols",
          "Carbonaceous Aerosols"]},
      {
        "science_keywords":["Climate Indicators",
          "Atmospheric/Ocean Indicators",
          "Temperature Indices",
          "Common Sense Climate Index"]},
      {
        "science_keywords":["Oceans",
          "Biological Classification",
          "Protists",
          "Plankton",
          "Biosphere",
          "Ecological Dynamics",
          "Community Dynamics",
          "Community Structure"]},
      {
        "science_keywords":["Cryosphere",
          "Sea Ice",
          "Snow Depth",
          "Cryosphere",
          "Snow/Ice",
          "Snow Cover",
          "Cryosphere",
          "Snow/Ice",
          "Snow Melt",
          "Cryosphere",
          "Snow/Ice",
          "Snow Depth",
          "Atmosphere",
          "Atmospheric Winds",
          "Convergence/Divergence",
          "Cryosphere",
          "Snow/Ice",
          "Snow/Ice Temperature",
          "Atmosphere",
          "Atmospheric Water Vapor",
          "Humidity"]},
      {
        "science_keywords":["Land Surface",
          "Soils",
          "Organic Matter",
          "Land Surface",
          "Soils",
          "Soil Horizons/Profile",
          "Cryosphere",
          "Frozen Ground",
          "Active Layer",
          "Biosphere",
          "Terrestrial Ecosystems",
          "Shrubland/Scrub",
          "Land Surface",
          "Landscape",
          "Landscape Patterns",
          "Biological Classification",
          "Plants",
          "Angiosperms (Flowering Plants)",
          "Dicots",
          "Biosphere",
          "Vegetation",
          "Plant Characteristics",
          "Land Surface",
          "Frozen Ground",
          "Periglacial Processes",
          "Land Surface",
          "Frozen Ground",
          "Active Layer",
          "Biosphere",
          "Ecological Dynamics",
          "Community Dynamics",
          "Plant Succession",
          "Biosphere",
          "Terrestrial Ecosystems",
          "Alpine/Tundra",
          "Biosphere",
          "Ecological Dynamics",
          "Community Dynamics",
          "Community Structure"]},
      {
        "science_keywords":["Biosphere",
          "Terrestrial Ecosystems",
          "Alpine/Tundra"]},
      {
        "science_keywords":["Oceans",
          "Biosphere",
          "Aquatic Ecosystems",
          "Plankton"]},
      {
        "science_keywords":["Cryosphere",
          "Snow/Ice",
          "Snow Cover"]},
      {
        "science_keywords":["Oceans",
          "Ocean Circulation",
          "Fresh Water Flux"]},
      {
        "science_keywords":["Land Surface",
          "Soils",
          "Carbon",
          "Oceans",
          "Ocean Chemistry",
          "Carbon"]},
      {
        "science_keywords":["Cryosphere",
          "Sea Ice",
          "Snow Depth",
          "Cryosphere",
          "Snow/Ice",
          "Snow Cover",
          "Cryosphere",
          "Snow/Ice",
          "Snow Melt",
          "Cryosphere",
          "Snow/Ice",
          "Snow Depth",
          "Atmosphere",
          "Atmospheric Winds",
          "Convergence/Divergence",
          "Cryosphere",
          "Snow/Ice",
          "Snow/Ice Temperature",
          "Atmosphere",
          "Atmospheric Water Vapor",
          "Humidity"]},
      {
        "science_keywords":["Human Dimensions",
          "Population",
          "Population Size"]},
      {
        "science_keywords":["Cryosphere",
          "Frozen Ground",
          "Active Layer",
          "Land Surface",
          "Soils",
          "Soil Temperature",
          "Biosphere",
          "Terrestrial Ecosystems",
          "Shrubland/Scrub",
          "Land Surface",
          "Landscape",
          "Landscape Patterns",
          "Biological Classification",
          "Plants",
          "Angiosperms (Flowering Plants)",
          "Dicots",
          "Land Surface",
          "Frozen Ground",
          "Active Layer",
          "Biosphere",
          "Ecological Dynamics",
          "Community Dynamics",
          "Plant Succession",
          "Biosphere",
          "Terrestrial Ecosystems",
          "Alpine/Tundra",
          "Climate Indicators",
          "Land Surface/Agriculture Indicators",
          "Soil Temperature"]},
      {
        "science_keywords":["Oceans",
          "Marine Sediments",
          "Stratigraphic Sequence",
          "Paleoclimate",
          "Ocean/Lake Records",
          "Microfossils"]},
      {
        "science_keywords":["Human Dimensions",
          "Population",
          "Population Size"]},
      {
        "science_keywords":["Cryosphere",
          "Sea Ice",
          "Snow Depth",
          "Cryosphere",
          "Snow/Ice",
          "Snow Cover",
          "Cryosphere",
          "Snow/Ice",
          "Snow Melt",
          "Cryosphere",
          "Snow/Ice",
          "Snow Depth",
          "Atmosphere",
          "Atmospheric Winds",
          "Convergence/Divergence",
          "Cryosphere",
          "Snow/Ice",
          "Snow/Ice Temperature",
          "Atmosphere",
          "Atmospheric Water Vapor",
          "Humidity"]},
      {
        "science_keywords":["Land Surface",
          "Soils",
          "Organic Matter",
          "Oceans",
          "Coastal Processes",
          "Estuaries",
          "Biosphere",
          "Vegetation",
          "Indigenous Vegetation",
          "Oceans",
          "Ocean Chemistry",
          "Carbon",
          "Paleoclimate",
          "Ocean/Lake Records",
          "Sediments"]},
      {
        "science_keywords":["Oceans",
          "Ocean Circulation",
          "Fresh Water Flux"]},
      {
        "science_keywords":["Cryosphere",
          "Sea Ice",
          "Snow Depth",
          "Cryosphere",
          "Snow/Ice",
          "Snow Cover",
          "Cryosphere",
          "Snow/Ice",
          "Snow Melt",
          "Cryosphere",
          "Snow/Ice",
          "Snow Depth",
          "Atmosphere",
          "Atmospheric Winds",
          "Convergence/Divergence",
          "Cryosphere",
          "Snow/Ice",
          "Snow/Ice Temperature",
          "Atmosphere",
          "Atmospheric Water Vapor",
          "Humidity"]},
      {
        "science_keywords":["Biological Classification",
          "Animals/Vertebrates",
          "Mammals",
          "Carnivores",
          "Seals/Sea Lions/Walruses"]},
      {
        "science_keywords":["Cryosphere",
          "Frozen Ground",
          "Active Layer"]},
      {
        "science_keywords":["Land Surface",
          "Surface Radiative Properties",
          "Reflectance"]},
      {
        "science_keywords":["Oceans",
          "Ocean Temperature",
          "Atmosphere",
          "Atmospheric Temperature",
          "Air Temperature",
          "Oceans",
          "Sea Ice",
          "Ice Temperature",
          "Climate Indicators",
          "Cryospheric Indicators",
          "Snow Depth",
          "Cryosphere",
          "Sea Ice",
          "Ice Temperature",
          "Cryosphere",
          "Sea Ice",
          "Ice Growth/Melt"]},
      {
        "science_keywords":["Biological Classification",
          "Protists",
          "Plankton",
          "Oceans",
          "Aquatic Sciences"]},
      {
        "science_keywords":["Agriculture",
          "Soils",
          "Microflora",
          "Agriculture",
          "Soils",
          "Soil Chemistry",
          "Agriculture",
          "Soils",
          "Soil Gas/Air",
          "Agriculture",
          "Soils",
          "Permafrost",
          "Biosphere",
          "Ecological Dynamics",
          "Ecosystem Functions",
          "Biomass Dynamics",
          "Agriculture",
          "Soils",
          "Soil Ph",
          "Agriculture",
          "Soils",
          "Carbon",
          "Biosphere",
          "Ecological Dynamics",
          "Ecosystem Functions",
          "Biogeochemical Cycles"]},
      {
        "science_keywords":["Human Dimensions",
          "Population",
          "Population Size"]},
      {
        "science_keywords":["Cryosphere",
          "Frozen Ground",
          "Active Layer"]},
      {
        "science_keywords":["Terrestrial Hydrosphere",
          "Water Quality/Water Chemistry",
          "Conductivity",
          "Terrestrial Hydrosphere",
          "Water Quality/Water Chemistry",
          "Water Temperature"]},
      {
        "science_keywords":["Terrestrial Hydrosphere",
          "Water Quality/Water Chemistry",
          "Phosphorous Compounds",
          "Terrestrial Hydrosphere",
          "Water Quality/Water Chemistry",
          "Nutrients",
          "Terrestrial Hydrosphere",
          "Surface Water",
          "Rivers/Streams"]},
      {
        "science_keywords":["Terrestrial Hydrosphere",
          "Water Quality/Water Chemistry",
          "Conductivity",
          "Terrestrial Hydrosphere",
          "Water Quality/Water Chemistry",
          "Water Temperature"]},
      {
        "science_keywords":["Biosphere",
          "Terrestrial Ecosystems",
          "Alpine/Tundra"]},
      {
        "science_keywords":["Cryosphere",
          "Snow/Ice",
          "Snow Melt",
          "Land Surface",
          "Soils",
          "Soil Water Holding Capacity",
          "Cryosphere",
          "Snow/Ice",
          "Snow Stratigraphy",
          "Cryosphere",
          "Snow/Ice",
          "Freeze/Thaw",
          "Land Surface",
          "Soils",
          "Soil Porosity",
          "Terrestrial Hydrosphere",
          "Water Quality/Water Chemistry",
          "Stable Isotopes",
          "Biosphere",
          "Aquatic Ecosystems",
          "Wetlands",
          "Peatlands"]},
      {
        "science_keywords":["Terrestrial Hydrosphere",
          "Water Quality/Water Chemistry",
          "Nitrogen Compounds",
          "Terrestrial Hydrosphere",
          "Water Quality/Water Chemistry",
          "Phosphorous Compounds",
          "Terrestrial Hydrosphere",
          "Water Quality/Water Chemistry",
          "Nutrients"]},
      {
        "science_keywords":["Cryosphere",
          "Sea Ice",
          "Snow Depth",
          "Cryosphere",
          "Snow/Ice",
          "Snow Cover"]},
      {
        "science_keywords":["Cryosphere",
          "Sea Ice",
          "Snow Depth",
          "Cryosphere",
          "Snow/Ice",
          "Snow Cover",
          "Cryosphere",
          "Snow/Ice",
          "Snow Melt",
          "Cryosphere",
          "Snow/Ice",
          "Snow Depth",
          "Atmosphere",
          "Atmospheric Winds",
          "Convergence/Divergence",
          "Cryosphere",
          "Snow/Ice",
          "Snow/Ice Temperature",
          "Atmosphere",
          "Atmospheric Water Vapor",
          "Humidity"]},
      {
        "science_keywords":["Biosphere",
          "Aquatic Ecosystems",
          "Wetlands",
          "Peatlands"]},
      {
        "science_keywords":["Oceans",
          "Ocean Circulation",
          "Fresh Water Flux"]},
      {
        "science_keywords":["Cryosphere",
          "Frozen Ground",
          "Active Layer"]},
      {
        "science_keywords":["Atmosphere",
          "Atmospheric Chemistry",
          "Carbon And Hydrocarbon Compounds",
          "Carbon Dioxide",
          "Biosphere",
          "Terrestrial Ecosystems",
          "Alpine/Tundra",
          "Biosphere",
          "Ecological Dynamics",
          "Ecosystem Functions",
          "Biogeochemical Cycles"]},
      {
        "science_keywords":["Cryosphere",
          "Snow/Ice",
          "Snow Cover",
          "Cryosphere",
          "Snow/Ice",
          "Snow Depth"]},
      {
        "science_keywords":["Cryosphere",
          "Sea Ice",
          "Snow Depth",
          "Cryosphere",
          "Snow/Ice",
          "Snow Cover",
          "Cryosphere",
          "Snow/Ice",
          "Snow Melt",
          "Cryosphere",
          "Snow/Ice",
          "Snow Depth",
          "Atmosphere",
          "Atmospheric Winds",
          "Convergence/Divergence",
          "Cryosphere",
          "Snow/Ice",
          "Snow/Ice Temperature",
          "Atmosphere",
          "Atmospheric Water Vapor",
          "Humidity"]},
      {
        "science_keywords":["Agriculture",
          "Soils",
          "Carbon"]},
      {
        "science_keywords":["Atmosphere",
          "Atmospheric Temperature",
          "Static Temperature",
          "Atmosphere",
          "Atmospheric Temperature",
          "Air Temperature",
          "Atmosphere",
          "Atmospheric Radiation",
          "Incoming Solar Radiation",
          "Atmosphere",
          "Atmospheric Water Vapor",
          "Humidity",
          "Atmosphere",
          "Precipitation",
          "Rain",
          "Land Surface",
          "Frozen Ground",
          "Soil Temperature"]},
      {
        "science_keywords":["Atmosphere",
          "Aerosols",
          "Nitrate Particles",
          "Atmosphere",
          "Aerosols",
          "Dust/Ash/Smoke",
          "Cryosphere",
          "Snow/Ice",
          "Snow/Ice Chemistry",
          "Atmosphere",
          "Aerosols",
          "Sulfate Particles"]},
      {
        "science_keywords":["Paleoclimate",
          "Paleoclimate Reconstructions",
          "Lake Level Reconstruction"]},
      {
        "science_keywords":["Cryosphere",
          "Sea Ice",
          "Snow Depth",
          "Cryosphere",
          "Snow/Ice",
          "Snow Cover",
          "Cryosphere",
          "Snow/Ice",
          "Snow Melt",
          "Cryosphere",
          "Snow/Ice",
          "Snow Depth",
          "Atmosphere",
          "Atmospheric Winds",
          "Convergence/Divergence",
          "Cryosphere",
          "Snow/Ice",
          "Snow/Ice Temperature",
          "Atmosphere",
          "Atmospheric Water Vapor",
          "Humidity"]},
      {
        "science_keywords":["Human Dimensions",
          "Population",
          "Population Size",
          "Human Dimensions",
          "Infrastructure",
          "Electricity"]},
      {
        "science_keywords":["Biosphere",
          "Ecological Dynamics",
          "Ecosystem Functions",
          "Respiration Rate",
          "Biosphere",
          "Vegetation",
          "Photosynthetically Active Radiation",
          "Terrestrial Hydrosphere",
          "Ground Water",
          "Ground Water Discharge/Flow"]},
      {
        "science_keywords":["Biosphere",
          "Aquatic Ecosystems",
          "Lakes"]},
      {
        "science_keywords":["Land Surface",
          "Landscape",
          "Landscape Ecology"]},
      {
        "science_keywords":["Terrestrial Hydrosphere",
          "Water Quality/Water Chemistry",
          "Conductivity",
          "Terrestrial Hydrosphere",
          "Water Quality/Water Chemistry",
          "Water Temperature"]},
      {
        "science_keywords":["Biosphere"]},
      {
        "science_keywords":["Biosphere",
          "Ecological Dynamics",
          "Species/Population Interactions",
          "Grazing Dynamics/Plant Herbivory",
          "Biosphere",
          "Terrestrial Ecosystems",
          "Forests",
          "Human Dimensions",
          "Infrastructure",
          "Cultural Features",
          "Human Dimensions",
          "Environmental Governance/Management",
          "Land Management",
          "Land Tenure",
          "Human Dimensions",
          "Environmental Impacts",
          "Conservation",
          "Human Dimensions",
          "Boundaries",
          "Political Divisions",
          "Biosphere",
          "Terrestrial Ecosystems",
          "Alpine/Tundra",
          "Land Surface",
          "Frozen Ground",
          "Permafrost",
          "Human Dimensions",
          "Economic Resources",
          "Agriculture Production",
          "Land Surface",
          "Landscape",
          "Landscape Management",
          "Cryosphere",
          "Frozen Ground",
          "Permafrost",
          "Cryosphere",
          "Frozen Ground",
          "Active Layer",
          "Biosphere",
          "Ecological Dynamics",
          "Species/Population Interactions",
          "Species Life History",
          "Cryosphere",
          "Frozen Ground",
          "Seasonally Frozen Ground",
          "Cryosphere",
          "Snow/Ice",
          "Permafrost",
          "Land Surface",
          "Frozen Ground",
          "Seasonally Frozen Ground",
          "Human Dimensions",
          "Boundaries",
          "Administrative Divisions",
          "Human Dimensions",
          "Environmental Governance/Management",
          "Land Management"]},
      {
        "science_keywords":["Land Surface",
          "Soils",
          "Soil Moisture/Water Content",
          "Biosphere",
          "Terrestrial Ecosystems",
          "Forests",
          "Atmosphere",
          "Atmospheric Radiation",
          "Incoming Solar Radiation",
          "Atmosphere",
          "Atmospheric Temperature",
          "Surface Air Temperature",
          "Land Surface",
          "Soils",
          "Soil Temperature",
          "Atmosphere",
          "Atmospheric Water Vapor",
          "Humidity",
          "Atmosphere",
          "Precipitation",
          "Rain"]},
      {
        "science_keywords":["Human Dimensions",
          "Population",
          "Population Size"]},
      {
        "science_keywords":["Climate Indicators",
          "Atmospheric/Ocean Indicators",
          "Temperature Indices",
          "Common Sense Climate Index"]},
      {
        "science_keywords":["Climate Indicators",
          "Paleoclimate Indicators",
          "Ice Core Records"]},
      {
        "science_keywords":["Biosphere",
          "Terrestrial Ecosystems",
          "Alpine/Tundra"]},
      {
        "science_keywords":["Human Dimensions",
          "Social Behavior"]},
      {
        "science_keywords":["Biosphere",
          "Terrestrial Ecosystems",
          "Alpine/Tundra"]},
      {
        "science_keywords":["Cryosphere",
          "Frozen Ground",
          "Active Layer"]},
      {
        "science_keywords":["Cryosphere",
          "Sea Ice",
          "Snow Depth",
          "Cryosphere",
          "Snow/Ice",
          "Snow Cover",
          "Cryosphere",
          "Snow/Ice",
          "Snow Melt",
          "Cryosphere",
          "Snow/Ice",
          "Snow Depth",
          "Atmosphere",
          "Atmospheric Winds",
          "Convergence/Divergence",
          "Cryosphere",
          "Snow/Ice",
          "Snow/Ice Temperature",
          "Atmosphere",
          "Atmospheric Water Vapor",
          "Humidity",
          "Cryosphere",
          "Snow/Ice",
          "Freeze/Thaw"]},
      {
        "science_keywords":["Cryosphere",
          "Sea Ice",
          "Snow Depth",
          "Cryosphere",
          "Snow/Ice",
          "Snow Cover",
          "Cryosphere",
          "Snow/Ice",
          "Snow Melt",
          "Cryosphere",
          "Snow/Ice",
          "Snow Depth",
          "Atmosphere",
          "Atmospheric Winds",
          "Convergence/Divergence",
          "Cryosphere",
          "Snow/Ice",
          "Snow/Ice Temperature",
          "Atmosphere",
          "Atmospheric Water Vapor",
          "Humidity"]},
      {
        "science_keywords":["Oceans",
          "Ocean Circulation",
          "Fresh Water Flux"]},
      {
        "science_keywords":["Cryosphere",
          "Frozen Ground",
          "Active Layer"]},
      {
        "science_keywords":["Atmosphere",
          "Atmospheric Chemistry",
          "Trace Gases/Trace Species",
          "Atmosphere",
          "Atmospheric Chemistry",
          "Nitrogen Compounds",
          "Nitrogen Oxides"]},
      {
        "science_keywords":["Oceans",
          "Ocean Circulation",
          "Turbulence"]},
      {
        "science_keywords":["Human Dimensions",
          "Population",
          "Population Size"]},
      {
        "science_keywords":["Land Surface",
          "Landscape",
          "Landscape Ecology"]},
      {
        "science_keywords":["Biosphere",
          "Ecological Dynamics"]},
      {
        "science_keywords":["Terrestrial Hydrosphere",
          "Water Quality/Water Chemistry",
          "Conductivity",
          "Terrestrial Hydrosphere",
          "Water Quality/Water Chemistry",
          "Water Temperature"]},
      {
        "science_keywords":["Oceans",
          "Sea Ice",
          "Ice Growth/Melt"]},
      {
        "science_keywords":["Biosphere",
          "Ecological Dynamics"]},
      {
        "science_keywords":["Cryosphere",
          "Snow/Ice",
          "Snow Cover",
          "Cryosphere",
          "Snow/Ice",
          "Snow Depth",
          "Cryosphere",
          "Snow/Ice",
          "Snow/Ice Temperature"]},
      {
        "science_keywords":["Terrestrial Hydrosphere",
          "Water Quality/Water Chemistry",
          "Phosphorous Compounds",
          "Terrestrial Hydrosphere",
          "Water Quality/Water Chemistry",
          "Water Ion Concentration",
          "Terrestrial Hydrosphere",
          "Water Quality/Water Chemistry",
          "Nutrients",
          "Terrestrial Hydrosphere",
          "Water Quality/Water Chemistry",
          "Conductivity",
          "Terrestrial Hydrosphere",
          "Surface Water",
          "Rivers/Streams"]},
      {
        "science_keywords":["Climate Indicators",
          "Atmospheric/Ocean Indicators",
          "Teleconnections",
          "Arctic Oscillation"]},
      {
        "science_keywords":["Oceans",
          "Ocean Acoustics",
          "Ambient Noise",
          "Biological Classification",
          "Animals/Vertebrates",
          "Mammals",
          "Carnivores",
          "Seals/Sea Lions/Walruses",
          "Biological Classification",
          "Animals/Vertebrates",
          "Mammals",
          "Cetaceans"]},
      {
        "science_keywords":["Biosphere",
          "Vegetation",
          "Evergreen Vegetation",
          "Biosphere",
          "Ecological Dynamics",
          "Community Dynamics",
          "Invasive Species",
          "Biosphere",
          "Vegetation",
          "Plant Characteristics",
          "Biosphere",
          "Vegetation",
          "Tree Rings"]},
      {
        "science_keywords":["Oceans",
          "Ocean Circulation",
          "Fresh Water Flux"]},
      {
        "science_keywords":["Oceans",
          "Ocean Pressure",
          "Water Pressure"]},
      {
        "science_keywords":["Cryosphere",
          "Sea Ice",
          "Snow Depth",
          "Cryosphere",
          "Snow/Ice",
          "Snow Cover",
          "Cryosphere",
          "Snow/Ice",
          "Snow Melt",
          "Cryosphere",
          "Snow/Ice",
          "Snow Depth",
          "Atmosphere",
          "Atmospheric Winds",
          "Convergence/Divergence",
          "Cryosphere",
          "Snow/Ice",
          "Snow/Ice Temperature",
          "Atmosphere",
          "Atmospheric Water Vapor",
          "Humidity"]},
      {
        "science_keywords":["Climate Indicators",
          "Atmospheric/Ocean Indicators",
          "Temperature Indices",
          "Common Sense Climate Index"]},
      {
        "science_keywords":["Biosphere",
          "Vegetation",
          "Evergreen Vegetation",
          "Biosphere",
          "Terrestrial Ecosystems",
          "Forests",
          "Paleoclimate",
          "Paleoclimate Reconstructions",
          "Drought/Precipitation Reconstruction",
          "Paleoclimate",
          "Land Records",
          "Tree Rings",
          "Paleoclimate",
          "Land Records",
          "Macrofossils",
          "Paleoclimate",
          "Land Records",
          "Isotopes",
          "Biosphere",
          "Vegetation",
          "Carbon",
          "Biosphere",
          "Vegetation",
          "Tree Rings"]},
      {
        "science_keywords":["Biosphere",
          "Aquatic Ecosystems",
          "Lakes"]},
      {
        "science_keywords":["Cryosphere",
          "Sea Ice",
          "Snow Depth",
          "Cryosphere",
          "Snow/Ice",
          "Snow Cover",
          "Cryosphere",
          "Snow/Ice",
          "Snow Melt",
          "Cryosphere",
          "Snow/Ice",
          "Snow Depth",
          "Atmosphere",
          "Atmospheric Winds",
          "Convergence/Divergence",
          "Cryosphere",
          "Snow/Ice",
          "Snow/Ice Temperature",
          "Atmosphere",
          "Atmospheric Water Vapor",
          "Humidity"]},
      {
        "science_keywords":["Terrestrial Hydrosphere",
          "Surface Water",
          "Water Depth"]},
      {
        "science_keywords":["Biological Classification",
          "Animals/Invertebrates"]},
      {
        "science_keywords":["Cryosphere",
          "Snow/Ice",
          "Snow Cover"]},
      {
        "science_keywords":["Agriculture",
          "Soils",
          "Carbon"]},
      {
        "science_keywords":["Solid Earth",
          "Geochemistry",
          "Geochemical Properties",
          "Isotope Measurements"]},
      {
        "science_keywords":["Cryosphere",
          "Sea Ice",
          "Ice Growth/Melt"]},
      {
        "science_keywords":["Cryosphere",
          "Frozen Ground",
          "Permafrost"]},
      {
        "science_keywords":["Cryosphere",
          "Sea Ice",
          "Snow Depth",
          "Cryosphere",
          "Snow/Ice",
          "Snow Cover",
          "Cryosphere",
          "Snow/Ice",
          "Snow Melt",
          "Cryosphere",
          "Snow/Ice",
          "Snow Depth",
          "Atmosphere",
          "Atmospheric Winds",
          "Convergence/Divergence",
          "Cryosphere",
          "Snow/Ice",
          "Snow/Ice Temperature",
          "Atmosphere",
          "Atmospheric Water Vapor",
          "Humidity"]},
      {
        "science_keywords":["Biosphere",
          "Terrestrial Ecosystems",
          "Forests",
          "Biosphere",
          "Ecological Dynamics",
          "Ecosystem Functions",
          "Primary Production"]},
      {
        "science_keywords":["Cryosphere",
          "Glaciers/Ice Sheets",
          "Glaciers"]},
      {
        "science_keywords":["Oceans",
          "Ocean Circulation",
          "Fresh Water Flux"]},
      {
        "science_keywords":["Cryosphere",
          "Glaciers/Ice Sheets",
          "Glacier Topography/Ice Sheet Topography",
          "Cryosphere",
          "Glaciers/Ice Sheets",
          "Glacier Thickness/Ice Sheet Thickness",
          "Cryosphere",
          "Glaciers/Ice Sheets",
          "Glaciers"]},
      {
        "science_keywords":["Biosphere",
          "Aquatic Ecosystems",
          "Plankton",
          "Phytoplankton",
          "Oceans",
          "Salinity/Density",
          "Conductivity",
          "Oceans",
          "Salinity/Density",
          "Density",
          "Oceans",
          "Ocean Temperature",
          "Water Temperature",
          "Oceans",
          "Ocean Chemistry",
          "Nutrients",
          "Biosphere",
          "Aquatic Ecosystems",
          "Plankton",
          "Oceans",
          "Salinity/Density",
          "Salinity",
          "Biosphere",
          "Aquatic Ecosystems",
          "Plankton",
          "Zooplankton"]},
      {
        "science_keywords":["Biosphere",
          "Aquatic Ecosystems",
          "Lakes"]},
      {
        "science_keywords":["Cryosphere",
          "Frozen Ground",
          "Active Layer"]},
      {
        "science_keywords":["Cryosphere",
          "Snow/Ice",
          "Permafrost"]},
      {
        "science_keywords":["Biosphere",
          "Vegetation",
          "Plant Phenology"]},
      {
        "science_keywords":["Biosphere",
          "Terrestrial Ecosystems",
          "Alpine/Tundra"]},
      {
        "science_keywords":["Oceans",
          "Ocean Circulation",
          "Ocean Currents",
          "Atmosphere",
          "Atmospheric Temperature",
          "Air Temperature",
          "Oceans",
          "Sea Ice",
          "Ice Depth/Thickness",
          "Land Surface",
          "Erosion/Sedimentation",
          "Erosion",
          "Atmosphere",
          "Precipitation",
          "Rain",
          "Terrestrial Hydrosphere",
          "Snow/Ice",
          "Snow Cover",
          "Atmosphere",
          "Atmospheric Winds",
          "Surface Winds",
          "Oceans",
          "Sea Ice",
          "Ice Growth/Melt",
          "Cryosphere",
          "Snow/Ice",
          "Snow Cover",
          "Oceans",
          "Ocean Winds",
          "Surface Winds",
          "Atmosphere",
          "Precipitation",
          "Snow",
          "Atmosphere",
          "Atmospheric Temperature",
          "Surface Air Temperature",
          "Oceans",
          "Ocean Temperature",
          "Water Temperature",
          "Terrestrial Hydrosphere",
          "Surface Water",
          "Floods",
          "Cryosphere",
          "Sea Ice",
          "Ice Growth/Melt",
          "Cryosphere",
          "Sea Ice",
          "Ice Depth/Thickness"]},
      {
        "science_keywords":["Biosphere",
          "Terrestrial Ecosystems",
          "Alpine/Tundra"]},
      {
        "science_keywords":["Terrestrial Hydrosphere",
          "Snow/Ice",
          "Permafrost",
          "Terrestrial Hydrosphere",
          "Surface Water",
          "Water Channels"]},
      {
        "science_keywords":["Biosphere",
          "Terrestrial Ecosystems",
          "Forests",
          "Biosphere",
          "Ecological Dynamics",
          "Ecosystem Functions",
          "Primary Production",
          "Biosphere",
          "Vegetation",
          "Tree Rings"]},
      {
        "science_keywords":["Cryosphere",
          "Frozen Ground",
          "Soil Temperature",
          "Cryosphere",
          "Frozen Ground",
          "Active Layer",
          "Cryosphere",
          "Frozen Ground",
          "Permafrost",
          "Cryosphere",
          "Frozen Ground",
          "Seasonally Frozen Ground"]},
      {
        "science_keywords":["Cryosphere",
          "Frozen Ground",
          "Soil Temperature"]},
      {
        "science_keywords":["Biosphere",
          "Aquatic Ecosystems",
          "Plankton",
          "Phytoplankton",
          "Oceans",
          "Salinity/Density",
          "Density",
          "Biosphere",
          "Aquatic Ecosystems",
          "Pelagic Habitat",
          "Oceans",
          "Ocean Temperature",
          "Water Temperature",
          "Oceans",
          "Ocean Chemistry",
          "Nutrients",
          "Biosphere",
          "Aquatic Ecosystems",
          "Plankton",
          "Oceans",
          "Salinity/Density",
          "Salinity",
          "Biosphere",
          "Aquatic Ecosystems",
          "Marine Habitat",
          "Biosphere",
          "Aquatic Ecosystems",
          "Plankton",
          "Zooplankton"]},
      {
        "science_keywords":["Biosphere",
          "Vegetation",
          "Plant Phenology"]},
      {
        "science_keywords":["Biosphere",
          "Aquatic Ecosystems",
          "Plankton",
          "Zooplankton"]},
      {
        "science_keywords":["Cryosphere",
          "Glaciers/Ice Sheets",
          "Ice Sheets"]},
      {
        "science_keywords":["Cryosphere",
          "Sea Ice",
          "Ice Depth/Thickness"]},
      {
        "science_keywords":["Biosphere",
          "Aquatic Ecosystems",
          "Lakes"]},
      {
        "science_keywords":["Oceans",
          "Ocean Chemistry",
          "Trace Elements"]},
      {
        "science_keywords":["Biosphere",
          "Terrestrial Ecosystems",
          "Alpine/Tundra"]},
      {
        "science_keywords":["Land Surface",
          "Soils",
          "Soil Moisture/Water Content",
          "Cryosphere",
          "Snow/Ice",
          "Snow Depth",
          "Cryosphere",
          "Frozen Ground",
          "Soil Temperature",
          "Land Surface",
          "Soils",
          "Soil Temperature",
          "Biosphere",
          "Terrestrial Ecosystems",
          "Alpine/Tundra"]},
      {
        "science_keywords":["Oceans",
          "Marine Sediments",
          "Sediment Chemistry"]},
      {
        "science_keywords":["Terrestrial Hydrosphere",
          "Surface Water",
          "Discharge/Flow"]},
      {
        "science_keywords":["Biosphere",
          "Ecological Dynamics",
          "Ecosystem Functions",
          "Biogeochemical Cycles"]},
      {
        "science_keywords":["Land Surface",
          "Soils",
          "Soil Chemistry",
          "Land Surface",
          "Soils",
          "Nitrogen",
          "Land Surface",
          "Soils",
          "Carbon",
          "Land Surface",
          "Soils",
          "Soil Bulk Density"]},
      {
        "science_keywords":["Oceans",
          "Ocean Chemistry",
          "Trace Elements"]},
      {
        "science_keywords":["Cryosphere",
          "Glaciers/Ice Sheets",
          "Glaciers"]},
      {
        "science_keywords":["Biosphere",
          "Terrestrial Ecosystems",
          "Alpine/Tundra"]},
      {
        "science_keywords":["Terrestrial Hydrosphere",
          "Water Quality/Water Chemistry",
          "Conductivity",
          "Terrestrial Hydrosphere",
          "Water Quality/Water Chemistry",
          "Water Temperature"]},
      {
        "science_keywords":["Human Dimensions",
          "Population",
          "Population Size"]},
      {
        "science_keywords":["Human Dimensions",
          "Population",
          "Population Size"]},
      {
        "science_keywords":["Cryosphere",
          "Sea Ice",
          "Snow Depth",
          "Cryosphere",
          "Snow/Ice",
          "Snow Cover",
          "Cryosphere",
          "Snow/Ice",
          "Snow Melt",
          "Cryosphere",
          "Snow/Ice",
          "Snow Depth",
          "Atmosphere",
          "Atmospheric Winds",
          "Convergence/Divergence",
          "Cryosphere",
          "Snow/Ice",
          "Snow/Ice Temperature",
          "Atmosphere",
          "Atmospheric Water Vapor",
          "Humidity"]},
      {
        "science_keywords":["Atmosphere",
          "Atmospheric Pressure",
          "Surface Pressure"]},
      {
        "science_keywords":["Oceans",
          "Salinity/Density",
          "Density",
          "Oceans",
          "Ocean Chemistry",
          "Nitrate",
          "Oceans",
          "Ocean Chemistry",
          "Nitrite",
          "Oceans",
          "Ocean Temperature",
          "Water Temperature",
          "Oceans",
          "Ocean Chemistry",
          "Nutrients",
          "Oceans",
          "Ocean Chemistry",
          "Pigments",
          "Chlorophyll",
          "Oceans",
          "Ocean Chemistry",
          "Nitrogen",
          "Oceans",
          "Salinity/Density",
          "Salinity",
          "Oceans",
          "Ocean Chemistry",
          "Phosphate"]}]
  }}
